<?xml version="1.0" encoding="UTF-8"?>
<metadata xml:lang="nl"><Esri><CreaDate>20141210</CreaDate><CreaTime>15542500</CreaTime><ArcGISFormat>1.0</ArcGISFormat><SyncOnce>FALSE</SyncOnce><DataProperties><itemProps><itemName Sync="TRUE">gem_2013</itemName><imsContentType Sync="TRUE">002</imsContentType><itemSize Sync="TRUE">0.000</itemSize><itemLocation><linkage Sync="TRUE">file://\\W8FKAA0014P\D$\buurtkaart\Publicatie_jan2015\2013\uitvoer_shape\gem_2013.shp</linkage><protocol Sync="TRUE">Local Area Network</protocol></itemLocation></itemProps><coordRef><type Sync="TRUE">Projected</type><geogcsn Sync="TRUE">GCS_Amersfoort</geogcsn><csUnits Sync="TRUE">Linear Unit: Meter (1.000000)</csUnits><projcsn Sync="TRUE">RD_New</projcsn><peXml Sync="TRUE">&lt;ProjectedCoordinateSystem xsi:type='typens:ProjectedCoordinateSystem' xmlns:xsi='http://www.w3.org/2001/XMLSchema-instance' xmlns:xs='http://www.w3.org/2001/XMLSchema' xmlns:typens='http://www.esri.com/schemas/ArcGIS/10.1'&gt;&lt;WKT&gt;PROJCS[&amp;quot;RD_New&amp;quot;,GEOGCS[&amp;quot;GCS_Amersfoort&amp;quot;,DATUM[&amp;quot;D_Amersfoort&amp;quot;,SPHEROID[&amp;quot;Bessel_1841&amp;quot;,6377397.155,299.1528128]],PRIMEM[&amp;quot;Greenwich&amp;quot;,0.0],UNIT[&amp;quot;Degree&amp;quot;,0.0174532925199433]],PROJECTION[&amp;quot;Double_Stereographic&amp;quot;],PARAMETER[&amp;quot;False_Easting&amp;quot;,155000.0],PARAMETER[&amp;quot;False_Northing&amp;quot;,463000.0],PARAMETER[&amp;quot;Central_Meridian&amp;quot;,5.38763888888889],PARAMETER[&amp;quot;Scale_Factor&amp;quot;,0.9999079],PARAMETER[&amp;quot;Latitude_Of_Origin&amp;quot;,52.15616055555555],UNIT[&amp;quot;Meter&amp;quot;,1.0],AUTHORITY[&amp;quot;EPSG&amp;quot;,28992]]&lt;/WKT&gt;&lt;XOrigin&gt;-30515500&lt;/XOrigin&gt;&lt;YOrigin&gt;-30279500&lt;/YOrigin&gt;&lt;XYScale&gt;146716411.36275291&lt;/XYScale&gt;&lt;ZOrigin&gt;-100000&lt;/ZOrigin&gt;&lt;ZScale&gt;10000&lt;/ZScale&gt;&lt;MOrigin&gt;-100000&lt;/MOrigin&gt;&lt;MScale&gt;10000&lt;/MScale&gt;&lt;XYTolerance&gt;0.001&lt;/XYTolerance&gt;&lt;ZTolerance&gt;0.001&lt;/ZTolerance&gt;&lt;MTolerance&gt;0.001&lt;/MTolerance&gt;&lt;HighPrecision&gt;true&lt;/HighPrecision&gt;&lt;WKID&gt;28992&lt;/WKID&gt;&lt;LatestWKID&gt;28992&lt;/LatestWKID&gt;&lt;/ProjectedCoordinateSystem&gt;</peXml></coordRef><lineage><Process ToolSource="c:\program files (x86)\arcgis\desktop10.1\ArcToolbox\Toolboxes\Data Management Tools.tbx\Merge" Date="20141210" Time="155426">Merge D:\buurtkaart\Publicatie_jan2015\2013\uitvoer_shape\Gemeente_2013_v2ZW.shp;D:\buurtkaart\Publicatie_jan2015\2013\uitvoer_shape\Gemeente_2013_v2Water.shp D:\buurtkaart\Publicatie_jan2015\2013\uitvoer_shape\gem_2013.shp "GM_CODE "GM_CODE" true true false 6 Text 0 0 ,First,#,D:\buurtkaart\Publicatie_jan2015\2013\uitvoer_shape\Gemeente_2013_v2ZW.shp,GM_CODE,-1,-1,D:\buurtkaart\Publicatie_jan2015\2013\uitvoer_shape\Gemeente_2013_v2Water.shp,GM_CODE,-1,-1;GM_NAAM "GM_NAAM" true true false 60 Text 0 0 ,First,#,D:\buurtkaart\Publicatie_jan2015\2013\uitvoer_shape\Gemeente_2013_v2ZW.shp,GM_NAAM,-1,-1,D:\buurtkaart\Publicatie_jan2015\2013\uitvoer_shape\Gemeente_2013_v2Water.shp,GM_NAAM,-1,-1;WATER "WATER" true true false 4 Text 0 0 ,First,#,D:\buurtkaart\Publicatie_jan2015\2013\uitvoer_shape\Gemeente_2013_v2ZW.shp,WATER,-1,-1,D:\buurtkaart\Publicatie_jan2015\2013\uitvoer_shape\Gemeente_2013_v2Water.shp,WATER,-1,-1;OAD "OAD" true true false 10 Double 0 10 ,First,#,D:\buurtkaart\Publicatie_jan2015\2013\uitvoer_shape\Gemeente_2013_v2ZW.shp,OAD,-1,-1,D:\buurtkaart\Publicatie_jan2015\2013\uitvoer_shape\Gemeente_2013_v2Water.shp,OAD,-1,-1;STED "STED" true true false 10 Double 0 10 ,First,#,D:\buurtkaart\Publicatie_jan2015\2013\uitvoer_shape\Gemeente_2013_v2ZW.shp,STED,-1,-1,D:\buurtkaart\Publicatie_jan2015\2013\uitvoer_shape\Gemeente_2013_v2Water.shp,STED,-1,-1;AANT_INW "AANT_INW" true true false 10 Double 0 10 ,First,#,D:\buurtkaart\Publicatie_jan2015\2013\uitvoer_shape\Gemeente_2013_v2ZW.shp,AANT_INW,-1,-1,D:\buurtkaart\Publicatie_jan2015\2013\uitvoer_shape\Gemeente_2013_v2Water.shp,AANT_INW,-1,-1;AANT_MAN "AANT_MAN" true true false 10 Double 0 10 ,First,#,D:\buurtkaart\Publicatie_jan2015\2013\uitvoer_shape\Gemeente_2013_v2ZW.shp,AANT_MAN,-1,-1,D:\buurtkaart\Publicatie_jan2015\2013\uitvoer_shape\Gemeente_2013_v2Water.shp,AANT_MAN,-1,-1;AANT_VROUW "AANT_VROUW" true true false 10 Double 0 10 ,First,#,D:\buurtkaart\Publicatie_jan2015\2013\uitvoer_shape\Gemeente_2013_v2ZW.shp,AANT_VROUW,-1,-1,D:\buurtkaart\Publicatie_jan2015\2013\uitvoer_shape\Gemeente_2013_v2Water.shp,AANT_VROUW,-1,-1;P_00_14_JR "P_00_14_JR" true true false 10 Double 0 10 ,First,#,D:\buurtkaart\Publicatie_jan2015\2013\uitvoer_shape\Gemeente_2013_v2ZW.shp,P_00_14_JR,-1,-1,D:\buurtkaart\Publicatie_jan2015\2013\uitvoer_shape\Gemeente_2013_v2Water.shp,P_00_14_JR,-1,-1;P_15_24_JR "P_15_24_JR" true true false 10 Double 0 10 ,First,#,D:\buurtkaart\Publicatie_jan2015\2013\uitvoer_shape\Gemeente_2013_v2ZW.shp,P_15_24_JR,-1,-1,D:\buurtkaart\Publicatie_jan2015\2013\uitvoer_shape\Gemeente_2013_v2Water.shp,P_15_24_JR,-1,-1;P_25_44_JR "P_25_44_JR" true true false 10 Double 0 10 ,First,#,D:\buurtkaart\Publicatie_jan2015\2013\uitvoer_shape\Gemeente_2013_v2ZW.shp,P_25_44_JR,-1,-1,D:\buurtkaart\Publicatie_jan2015\2013\uitvoer_shape\Gemeente_2013_v2Water.shp,P_25_44_JR,-1,-1;P_45_64_JR "P_45_64_JR" true true false 10 Double 0 10 ,First,#,D:\buurtkaart\Publicatie_jan2015\2013\uitvoer_shape\Gemeente_2013_v2ZW.shp,P_45_64_JR,-1,-1,D:\buurtkaart\Publicatie_jan2015\2013\uitvoer_shape\Gemeente_2013_v2Water.shp,P_45_64_JR,-1,-1;P_65_EO_JR "P_65_EO_JR" true true false 10 Double 0 10 ,First,#,D:\buurtkaart\Publicatie_jan2015\2013\uitvoer_shape\Gemeente_2013_v2ZW.shp,P_65_EO_JR,-1,-1,D:\buurtkaart\Publicatie_jan2015\2013\uitvoer_shape\Gemeente_2013_v2Water.shp,P_65_EO_JR,-1,-1;P_ONGEHUWD "P_ONGEHUWD" true true false 10 Double 0 10 ,First,#,D:\buurtkaart\Publicatie_jan2015\2013\uitvoer_shape\Gemeente_2013_v2ZW.shp,P_ONGEHUWD,-1,-1,D:\buurtkaart\Publicatie_jan2015\2013\uitvoer_shape\Gemeente_2013_v2Water.shp,P_ONGEHUWD,-1,-1;P_GEHUWD "P_GEHUWD" true true false 10 Double 0 10 ,First,#,D:\buurtkaart\Publicatie_jan2015\2013\uitvoer_shape\Gemeente_2013_v2ZW.shp,P_GEHUWD,-1,-1,D:\buurtkaart\Publicatie_jan2015\2013\uitvoer_shape\Gemeente_2013_v2Water.shp,P_GEHUWD,-1,-1;P_GESCHEID "P_GESCHEID" true true false 10 Double 0 10 ,First,#,D:\buurtkaart\Publicatie_jan2015\2013\uitvoer_shape\Gemeente_2013_v2ZW.shp,P_GESCHEID,-1,-1,D:\buurtkaart\Publicatie_jan2015\2013\uitvoer_shape\Gemeente_2013_v2Water.shp,P_GESCHEID,-1,-1;P_VERWEDUW "P_VERWEDUW" true true false 10 Double 0 10 ,First,#,D:\buurtkaart\Publicatie_jan2015\2013\uitvoer_shape\Gemeente_2013_v2ZW.shp,P_VERWEDUW,-1,-1,D:\buurtkaart\Publicatie_jan2015\2013\uitvoer_shape\Gemeente_2013_v2Water.shp,P_VERWEDUW,-1,-1;GEBOO_TOT "GEBOO_TOT" true true false 10 Double 0 10 ,First,#,D:\buurtkaart\Publicatie_jan2015\2013\uitvoer_shape\Gemeente_2013_v2ZW.shp,GEBOO_TOT,-1,-1,D:\buurtkaart\Publicatie_jan2015\2013\uitvoer_shape\Gemeente_2013_v2Water.shp,GEBOO_TOT,-1,-1;P_GEBOO "P_GEBOO" true true false 10 Double 0 10 ,First,#,D:\buurtkaart\Publicatie_jan2015\2013\uitvoer_shape\Gemeente_2013_v2ZW.shp,P_GEBOO,-1,-1,D:\buurtkaart\Publicatie_jan2015\2013\uitvoer_shape\Gemeente_2013_v2Water.shp,P_GEBOO,-1,-1;STERFT_TOT "STERFT_TOT" true true false 10 Double 0 10 ,First,#,D:\buurtkaart\Publicatie_jan2015\2013\uitvoer_shape\Gemeente_2013_v2ZW.shp,STERFT_TOT,-1,-1,D:\buurtkaart\Publicatie_jan2015\2013\uitvoer_shape\Gemeente_2013_v2Water.shp,STERFT_TOT,-1,-1;P_STERFT "P_STERFT" true true false 10 Double 0 10 ,First,#,D:\buurtkaart\Publicatie_jan2015\2013\uitvoer_shape\Gemeente_2013_v2ZW.shp,P_STERFT,-1,-1,D:\buurtkaart\Publicatie_jan2015\2013\uitvoer_shape\Gemeente_2013_v2Water.shp,P_STERFT,-1,-1;BEV_DICHTH "BEV_DICHTH" true true false 10 Double 0 10 ,First,#,D:\buurtkaart\Publicatie_jan2015\2013\uitvoer_shape\Gemeente_2013_v2ZW.shp,BEV_DICHTH,-1,-1,D:\buurtkaart\Publicatie_jan2015\2013\uitvoer_shape\Gemeente_2013_v2Water.shp,BEV_DICHTH,-1,-1;AANTAL_HH "AANTAL_HH" true true false 10 Double 0 10 ,First,#,D:\buurtkaart\Publicatie_jan2015\2013\uitvoer_shape\Gemeente_2013_v2ZW.shp,AANTAL_HH,-1,-1,D:\buurtkaart\Publicatie_jan2015\2013\uitvoer_shape\Gemeente_2013_v2Water.shp,AANTAL_HH,-1,-1;P_EENP_HH "P_EENP_HH" true true false 10 Double 0 10 ,First,#,D:\buurtkaart\Publicatie_jan2015\2013\uitvoer_shape\Gemeente_2013_v2ZW.shp,P_EENP_HH,-1,-1,D:\buurtkaart\Publicatie_jan2015\2013\uitvoer_shape\Gemeente_2013_v2Water.shp,P_EENP_HH,-1,-1;P_HH_Z_K "P_HH_Z_K" true true false 10 Double 0 10 ,First,#,D:\buurtkaart\Publicatie_jan2015\2013\uitvoer_shape\Gemeente_2013_v2ZW.shp,P_HH_Z_K,-1,-1,D:\buurtkaart\Publicatie_jan2015\2013\uitvoer_shape\Gemeente_2013_v2Water.shp,P_HH_Z_K,-1,-1;P_HH_M_K "P_HH_M_K" true true false 10 Double 0 10 ,First,#,D:\buurtkaart\Publicatie_jan2015\2013\uitvoer_shape\Gemeente_2013_v2ZW.shp,P_HH_M_K,-1,-1,D:\buurtkaart\Publicatie_jan2015\2013\uitvoer_shape\Gemeente_2013_v2Water.shp,P_HH_M_K,-1,-1;GEM_HH_GR "GEM_HH_GR" true true false 11 Double 1 10 ,First,#,D:\buurtkaart\Publicatie_jan2015\2013\uitvoer_shape\Gemeente_2013_v2ZW.shp,GEM_HH_GR,-1,-1,D:\buurtkaart\Publicatie_jan2015\2013\uitvoer_shape\Gemeente_2013_v2Water.shp,GEM_HH_GR,-1,-1;P_WEST_AL "P_WEST_AL" true true false 10 Double 0 10 ,First,#,D:\buurtkaart\Publicatie_jan2015\2013\uitvoer_shape\Gemeente_2013_v2ZW.shp,P_WEST_AL,-1,-1,D:\buurtkaart\Publicatie_jan2015\2013\uitvoer_shape\Gemeente_2013_v2Water.shp,P_WEST_AL,-1,-1;P_N_W_AL "P_N_W_AL" true true false 10 Double 0 10 ,First,#,D:\buurtkaart\Publicatie_jan2015\2013\uitvoer_shape\Gemeente_2013_v2ZW.shp,P_N_W_AL,-1,-1,D:\buurtkaart\Publicatie_jan2015\2013\uitvoer_shape\Gemeente_2013_v2Water.shp,P_N_W_AL,-1,-1;P_MAROKKO "P_MAROKKO" true true false 10 Double 0 10 ,First,#,D:\buurtkaart\Publicatie_jan2015\2013\uitvoer_shape\Gemeente_2013_v2ZW.shp,P_MAROKKO,-1,-1,D:\buurtkaart\Publicatie_jan2015\2013\uitvoer_shape\Gemeente_2013_v2Water.shp,P_MAROKKO,-1,-1;P_ANT_ARU "P_ANT_ARU" true true false 10 Double 0 10 ,First,#,D:\buurtkaart\Publicatie_jan2015\2013\uitvoer_shape\Gemeente_2013_v2ZW.shp,P_ANT_ARU,-1,-1,D:\buurtkaart\Publicatie_jan2015\2013\uitvoer_shape\Gemeente_2013_v2Water.shp,P_ANT_ARU,-1,-1;P_SURINAM "P_SURINAM" true true false 10 Double 0 10 ,First,#,D:\buurtkaart\Publicatie_jan2015\2013\uitvoer_shape\Gemeente_2013_v2ZW.shp,P_SURINAM,-1,-1,D:\buurtkaart\Publicatie_jan2015\2013\uitvoer_shape\Gemeente_2013_v2Water.shp,P_SURINAM,-1,-1;P_TURKIJE "P_TURKIJE" true true false 10 Double 0 10 ,First,#,D:\buurtkaart\Publicatie_jan2015\2013\uitvoer_shape\Gemeente_2013_v2ZW.shp,P_TURKIJE,-1,-1,D:\buurtkaart\Publicatie_jan2015\2013\uitvoer_shape\Gemeente_2013_v2Water.shp,P_TURKIJE,-1,-1;P_OVER_NW "P_OVER_NW" true true false 10 Double 0 10 ,First,#,D:\buurtkaart\Publicatie_jan2015\2013\uitvoer_shape\Gemeente_2013_v2ZW.shp,P_OVER_NW,-1,-1,D:\buurtkaart\Publicatie_jan2015\2013\uitvoer_shape\Gemeente_2013_v2Water.shp,P_OVER_NW,-1,-1;A_BED_A "A_BED_A" true true false 10 Double 0 10 ,First,#,D:\buurtkaart\Publicatie_jan2015\2013\uitvoer_shape\Gemeente_2013_v2ZW.shp,A_BED_A,-1,-1,D:\buurtkaart\Publicatie_jan2015\2013\uitvoer_shape\Gemeente_2013_v2Water.shp,A_BED_A,-1,-1;A_BED_BF "A_BED_BF" true true false 10 Double 0 10 ,First,#,D:\buurtkaart\Publicatie_jan2015\2013\uitvoer_shape\Gemeente_2013_v2ZW.shp,A_BED_BF,-1,-1,D:\buurtkaart\Publicatie_jan2015\2013\uitvoer_shape\Gemeente_2013_v2Water.shp,A_BED_BF,-1,-1;A_BED_GI "A_BED_GI" true true false 10 Double 0 10 ,First,#,D:\buurtkaart\Publicatie_jan2015\2013\uitvoer_shape\Gemeente_2013_v2ZW.shp,A_BED_GI,-1,-1,D:\buurtkaart\Publicatie_jan2015\2013\uitvoer_shape\Gemeente_2013_v2Water.shp,A_BED_GI,-1,-1;A_BED_HJ "A_BED_HJ" true true false 10 Double 0 10 ,First,#,D:\buurtkaart\Publicatie_jan2015\2013\uitvoer_shape\Gemeente_2013_v2ZW.shp,A_BED_HJ,-1,-1,D:\buurtkaart\Publicatie_jan2015\2013\uitvoer_shape\Gemeente_2013_v2Water.shp,A_BED_HJ,-1,-1;A_BED_KL "A_BED_KL" true true false 10 Double 0 10 ,First,#,D:\buurtkaart\Publicatie_jan2015\2013\uitvoer_shape\Gemeente_2013_v2ZW.shp,A_BED_KL,-1,-1,D:\buurtkaart\Publicatie_jan2015\2013\uitvoer_shape\Gemeente_2013_v2Water.shp,A_BED_KL,-1,-1;A_BED_MN "A_BED_MN" true true false 10 Double 0 10 ,First,#,D:\buurtkaart\Publicatie_jan2015\2013\uitvoer_shape\Gemeente_2013_v2ZW.shp,A_BED_MN,-1,-1,D:\buurtkaart\Publicatie_jan2015\2013\uitvoer_shape\Gemeente_2013_v2Water.shp,A_BED_MN,-1,-1;A_BED_RU "A_BED_RU" true true false 10 Double 0 10 ,First,#,D:\buurtkaart\Publicatie_jan2015\2013\uitvoer_shape\Gemeente_2013_v2ZW.shp,A_BED_RU,-1,-1,D:\buurtkaart\Publicatie_jan2015\2013\uitvoer_shape\Gemeente_2013_v2Water.shp,A_BED_RU,-1,-1;A_BEDV "A_BEDV" true true false 10 Double 0 10 ,First,#,D:\buurtkaart\Publicatie_jan2015\2013\uitvoer_shape\Gemeente_2013_v2ZW.shp,A_BEDV,-1,-1,D:\buurtkaart\Publicatie_jan2015\2013\uitvoer_shape\Gemeente_2013_v2Water.shp,A_BEDV,-1,-1;WONINGEN "WONINGEN" true true false 10 Double 0 10 ,First,#,D:\buurtkaart\Publicatie_jan2015\2013\uitvoer_shape\Gemeente_2013_v2ZW.shp,WONINGEN,-1,-1,D:\buurtkaart\Publicatie_jan2015\2013\uitvoer_shape\Gemeente_2013_v2Water.shp,WONINGEN,-1,-1;WOZ "WOZ" true true false 10 Double 0 10 ,First,#,D:\buurtkaart\Publicatie_jan2015\2013\uitvoer_shape\Gemeente_2013_v2ZW.shp,WOZ,-1,-1,D:\buurtkaart\Publicatie_jan2015\2013\uitvoer_shape\Gemeente_2013_v2Water.shp,WOZ,-1,-1;P_1GEZW "P_1GEZW" true true false 10 Double 0 10 ,First,#,D:\buurtkaart\Publicatie_jan2015\2013\uitvoer_shape\Gemeente_2013_v2ZW.shp,P_1GEZW,-1,-1,D:\buurtkaart\Publicatie_jan2015\2013\uitvoer_shape\Gemeente_2013_v2Water.shp,P_1GEZW,-1,-1;P_MGEZW "P_MGEZW" true true false 10 Double 0 10 ,First,#,D:\buurtkaart\Publicatie_jan2015\2013\uitvoer_shape\Gemeente_2013_v2ZW.shp,P_MGEZW,-1,-1,D:\buurtkaart\Publicatie_jan2015\2013\uitvoer_shape\Gemeente_2013_v2Water.shp,P_MGEZW,-1,-1;P_BEWNDW "P_BEWNDW" true true false 10 Double 0 10 ,First,#,D:\buurtkaart\Publicatie_jan2015\2013\uitvoer_shape\Gemeente_2013_v2ZW.shp,P_BEWNDW,-1,-1,D:\buurtkaart\Publicatie_jan2015\2013\uitvoer_shape\Gemeente_2013_v2Water.shp,P_BEWNDW,-1,-1;P_KOOPWON "P_KOOPWON" true true false 10 Double 0 10 ,First,#,D:\buurtkaart\Publicatie_jan2015\2013\uitvoer_shape\Gemeente_2013_v2ZW.shp,P_KOOPWON,-1,-1,D:\buurtkaart\Publicatie_jan2015\2013\uitvoer_shape\Gemeente_2013_v2Water.shp,P_KOOPWON,-1,-1;P_HUURWON "P_HUURWON" true true false 10 Double 0 10 ,First,#,D:\buurtkaart\Publicatie_jan2015\2013\uitvoer_shape\Gemeente_2013_v2ZW.shp,P_HUURWON,-1,-1,D:\buurtkaart\Publicatie_jan2015\2013\uitvoer_shape\Gemeente_2013_v2Water.shp,P_HUURWON,-1,-1;P_HUURCORP "P_HUURCORP" true true false 10 Double 0 10 ,First,#,D:\buurtkaart\Publicatie_jan2015\2013\uitvoer_shape\Gemeente_2013_v2ZW.shp,P_HUURCORP,-1,-1,D:\buurtkaart\Publicatie_jan2015\2013\uitvoer_shape\Gemeente_2013_v2Water.shp,P_HUURCORP,-1,-1;P_HUUROVVH "P_HUUROVVH" true true false 10 Double 0 10 ,First,#,D:\buurtkaart\Publicatie_jan2015\2013\uitvoer_shape\Gemeente_2013_v2ZW.shp,P_HUUROVVH,-1,-1,D:\buurtkaart\Publicatie_jan2015\2013\uitvoer_shape\Gemeente_2013_v2Water.shp,P_HUUROVVH,-1,-1;P_HUKO_ONB "P_HUKO_ONB" true true false 10 Double 0 10 ,First,#,D:\buurtkaart\Publicatie_jan2015\2013\uitvoer_shape\Gemeente_2013_v2ZW.shp,P_HUKO_ONB,-1,-1,D:\buurtkaart\Publicatie_jan2015\2013\uitvoer_shape\Gemeente_2013_v2Water.shp,P_HUKO_ONB,-1,-1;P_WONT2000 "P_WONT2000" true true false 10 Double 0 10 ,First,#,D:\buurtkaart\Publicatie_jan2015\2013\uitvoer_shape\Gemeente_2013_v2ZW.shp,P_WONT2000,-1,-1,D:\buurtkaart\Publicatie_jan2015\2013\uitvoer_shape\Gemeente_2013_v2Water.shp,P_WONT2000,-1,-1;P_WONV2000 "P_WONV2000" true true false 10 Double 0 10 ,First,#,D:\buurtkaart\Publicatie_jan2015\2013\uitvoer_shape\Gemeente_2013_v2ZW.shp,P_WONV2000,-1,-1,D:\buurtkaart\Publicatie_jan2015\2013\uitvoer_shape\Gemeente_2013_v2Water.shp,P_WONV2000,-1,-1;P_LEEGSW "P_LEEGSW" true true false 10 Double 0 10 ,First,#,D:\buurtkaart\Publicatie_jan2015\2013\uitvoer_shape\Gemeente_2013_v2ZW.shp,P_LEEGSW,-1,-1,D:\buurtkaart\Publicatie_jan2015\2013\uitvoer_shape\Gemeente_2013_v2Water.shp,P_LEEGSW,-1,-1;G_GAS_TOT "G_GAS_TOT" true true false 10 Double 0 10 ,First,#,D:\buurtkaart\Publicatie_jan2015\2013\uitvoer_shape\Gemeente_2013_v2ZW.shp,G_GAS_TOT,-1,-1,D:\buurtkaart\Publicatie_jan2015\2013\uitvoer_shape\Gemeente_2013_v2Water.shp,G_GAS_TOT,-1,-1;G_GAS_APP "G_GAS_APP" true true false 10 Double 0 10 ,First,#,D:\buurtkaart\Publicatie_jan2015\2013\uitvoer_shape\Gemeente_2013_v2ZW.shp,G_GAS_APP,-1,-1,D:\buurtkaart\Publicatie_jan2015\2013\uitvoer_shape\Gemeente_2013_v2Water.shp,G_GAS_APP,-1,-1;G_GAS_TUS "G_GAS_TUS" true true false 10 Double 0 10 ,First,#,D:\buurtkaart\Publicatie_jan2015\2013\uitvoer_shape\Gemeente_2013_v2ZW.shp,G_GAS_TUS,-1,-1,D:\buurtkaart\Publicatie_jan2015\2013\uitvoer_shape\Gemeente_2013_v2Water.shp,G_GAS_TUS,-1,-1;G_GAS_HOEK "G_GAS_HOEK" true true false 10 Double 0 10 ,First,#,D:\buurtkaart\Publicatie_jan2015\2013\uitvoer_shape\Gemeente_2013_v2ZW.shp,G_GAS_HOEK,-1,-1,D:\buurtkaart\Publicatie_jan2015\2013\uitvoer_shape\Gemeente_2013_v2Water.shp,G_GAS_HOEK,-1,-1;G_GAS_21K "G_GAS_21K" true true false 10 Double 0 10 ,First,#,D:\buurtkaart\Publicatie_jan2015\2013\uitvoer_shape\Gemeente_2013_v2ZW.shp,G_GAS_21K,-1,-1,D:\buurtkaart\Publicatie_jan2015\2013\uitvoer_shape\Gemeente_2013_v2Water.shp,G_GAS_21K,-1,-1;G_GAS_VRY "G_GAS_VRY" true true false 10 Double 0 10 ,First,#,D:\buurtkaart\Publicatie_jan2015\2013\uitvoer_shape\Gemeente_2013_v2ZW.shp,G_GAS_VRY,-1,-1,D:\buurtkaart\Publicatie_jan2015\2013\uitvoer_shape\Gemeente_2013_v2Water.shp,G_GAS_VRY,-1,-1;G_GAS_HU "G_GAS_HU" true true false 10 Double 0 10 ,First,#,D:\buurtkaart\Publicatie_jan2015\2013\uitvoer_shape\Gemeente_2013_v2ZW.shp,G_GAS_HU,-1,-1,D:\buurtkaart\Publicatie_jan2015\2013\uitvoer_shape\Gemeente_2013_v2Water.shp,G_GAS_HU,-1,-1;G_GAS_KO "G_GAS_KO" true true false 10 Double 0 10 ,First,#,D:\buurtkaart\Publicatie_jan2015\2013\uitvoer_shape\Gemeente_2013_v2ZW.shp,G_GAS_KO,-1,-1,D:\buurtkaart\Publicatie_jan2015\2013\uitvoer_shape\Gemeente_2013_v2Water.shp,G_GAS_KO,-1,-1;P_STADVERW "P_STADVERW" true true false 10 Double 0 10 ,First,#,D:\buurtkaart\Publicatie_jan2015\2013\uitvoer_shape\Gemeente_2013_v2ZW.shp,P_STADVERW,-1,-1,D:\buurtkaart\Publicatie_jan2015\2013\uitvoer_shape\Gemeente_2013_v2Water.shp,P_STADVERW,-1,-1;G_ELEK_TOT "G_ELEK_TOT" true true false 10 Double 0 10 ,First,#,D:\buurtkaart\Publicatie_jan2015\2013\uitvoer_shape\Gemeente_2013_v2ZW.shp,G_ELEK_TOT,-1,-1,D:\buurtkaart\Publicatie_jan2015\2013\uitvoer_shape\Gemeente_2013_v2Water.shp,G_ELEK_TOT,-1,-1;G_ELEK_APP "G_ELEK_APP" true true false 10 Double 0 10 ,First,#,D:\buurtkaart\Publicatie_jan2015\2013\uitvoer_shape\Gemeente_2013_v2ZW.shp,G_ELEK_APP,-1,-1,D:\buurtkaart\Publicatie_jan2015\2013\uitvoer_shape\Gemeente_2013_v2Water.shp,G_ELEK_APP,-1,-1;G_ELEK_TUS "G_ELEK_TUS" true true false 10 Double 0 10 ,First,#,D:\buurtkaart\Publicatie_jan2015\2013\uitvoer_shape\Gemeente_2013_v2ZW.shp,G_ELEK_TUS,-1,-1,D:\buurtkaart\Publicatie_jan2015\2013\uitvoer_shape\Gemeente_2013_v2Water.shp,G_ELEK_TUS,-1,-1;G_ELEK_HOE "G_ELEK_HOE" true true false 10 Double 0 10 ,First,#,D:\buurtkaart\Publicatie_jan2015\2013\uitvoer_shape\Gemeente_2013_v2ZW.shp,G_ELEK_HOE,-1,-1,D:\buurtkaart\Publicatie_jan2015\2013\uitvoer_shape\Gemeente_2013_v2Water.shp,G_ELEK_HOE,-1,-1;G_ELEK_21K "G_ELEK_21K" true true false 10 Double 0 10 ,First,#,D:\buurtkaart\Publicatie_jan2015\2013\uitvoer_shape\Gemeente_2013_v2ZW.shp,G_ELEK_21K,-1,-1,D:\buurtkaart\Publicatie_jan2015\2013\uitvoer_shape\Gemeente_2013_v2Water.shp,G_ELEK_21K,-1,-1;G_ELEK_VRY "G_ELEK_VRY" true true false 10 Double 0 10 ,First,#,D:\buurtkaart\Publicatie_jan2015\2013\uitvoer_shape\Gemeente_2013_v2ZW.shp,G_ELEK_VRY,-1,-1,D:\buurtkaart\Publicatie_jan2015\2013\uitvoer_shape\Gemeente_2013_v2Water.shp,G_ELEK_VRY,-1,-1;G_ELE_HU "G_ELE_HU" true true false 10 Double 0 10 ,First,#,D:\buurtkaart\Publicatie_jan2015\2013\uitvoer_shape\Gemeente_2013_v2ZW.shp,G_ELE_HU,-1,-1,D:\buurtkaart\Publicatie_jan2015\2013\uitvoer_shape\Gemeente_2013_v2Water.shp,G_ELE_HU,-1,-1;G_ELE_KO "G_ELE_KO" true true false 10 Double 0 10 ,First,#,D:\buurtkaart\Publicatie_jan2015\2013\uitvoer_shape\Gemeente_2013_v2ZW.shp,G_ELE_KO,-1,-1,D:\buurtkaart\Publicatie_jan2015\2013\uitvoer_shape\Gemeente_2013_v2Water.shp,G_ELE_KO,-1,-1;AO_UIT_TOT "AO_UIT_TOT" true true false 10 Double 0 10 ,First,#,D:\buurtkaart\Publicatie_jan2015\2013\uitvoer_shape\Gemeente_2013_v2ZW.shp,AO_UIT_TOT,-1,-1,D:\buurtkaart\Publicatie_jan2015\2013\uitvoer_shape\Gemeente_2013_v2Water.shp,AO_UIT_TOT,-1,-1;WW_UIT_TOT "WW_UIT_TOT" true true false 10 Double 0 10 ,First,#,D:\buurtkaart\Publicatie_jan2015\2013\uitvoer_shape\Gemeente_2013_v2ZW.shp,WW_UIT_TOT,-1,-1,D:\buurtkaart\Publicatie_jan2015\2013\uitvoer_shape\Gemeente_2013_v2Water.shp,WW_UIT_TOT,-1,-1;WWB_UITTOT "WWB_UITTOT" true true false 10 Double 0 10 ,First,#,D:\buurtkaart\Publicatie_jan2015\2013\uitvoer_shape\Gemeente_2013_v2ZW.shp,WWB_UITTOT,-1,-1,D:\buurtkaart\Publicatie_jan2015\2013\uitvoer_shape\Gemeente_2013_v2Water.shp,WWB_UITTOT,-1,-1;A_SOZ_OW "A_SOZ_OW" true true false 10 Double 0 10 ,First,#,D:\buurtkaart\Publicatie_jan2015\2013\uitvoer_shape\Gemeente_2013_v2ZW.shp,A_SOZ_OW,-1,-1,D:\buurtkaart\Publicatie_jan2015\2013\uitvoer_shape\Gemeente_2013_v2Water.shp,A_SOZ_OW,-1,-1;AUTO_TOT "AUTO_TOT" true true false 10 Double 0 10 ,First,#,D:\buurtkaart\Publicatie_jan2015\2013\uitvoer_shape\Gemeente_2013_v2ZW.shp,AUTO_TOT,-1,-1,D:\buurtkaart\Publicatie_jan2015\2013\uitvoer_shape\Gemeente_2013_v2Water.shp,AUTO_TOT,-1,-1;AUTO_HH "AUTO_HH" true true false 11 Double 1 10 ,First,#,D:\buurtkaart\Publicatie_jan2015\2013\uitvoer_shape\Gemeente_2013_v2ZW.shp,AUTO_HH,-1,-1,D:\buurtkaart\Publicatie_jan2015\2013\uitvoer_shape\Gemeente_2013_v2Water.shp,AUTO_HH,-1,-1;AUTO_LAND "AUTO_LAND" true true false 10 Double 0 10 ,First,#,D:\buurtkaart\Publicatie_jan2015\2013\uitvoer_shape\Gemeente_2013_v2ZW.shp,AUTO_LAND,-1,-1,D:\buurtkaart\Publicatie_jan2015\2013\uitvoer_shape\Gemeente_2013_v2Water.shp,AUTO_LAND,-1,-1;BEDR_AUTO "BEDR_AUTO" true true false 10 Double 0 10 ,First,#,D:\buurtkaart\Publicatie_jan2015\2013\uitvoer_shape\Gemeente_2013_v2ZW.shp,BEDR_AUTO,-1,-1,D:\buurtkaart\Publicatie_jan2015\2013\uitvoer_shape\Gemeente_2013_v2Water.shp,BEDR_AUTO,-1,-1;MOTOR_2W "MOTOR_2W" true true false 10 Double 0 10 ,First,#,D:\buurtkaart\Publicatie_jan2015\2013\uitvoer_shape\Gemeente_2013_v2ZW.shp,MOTOR_2W,-1,-1,D:\buurtkaart\Publicatie_jan2015\2013\uitvoer_shape\Gemeente_2013_v2Water.shp,MOTOR_2W,-1,-1;A_LFTJ6J "A_LFTJ6J" true true false 10 Double 0 10 ,First,#,D:\buurtkaart\Publicatie_jan2015\2013\uitvoer_shape\Gemeente_2013_v2ZW.shp,A_LFTJ6J,-1,-1,D:\buurtkaart\Publicatie_jan2015\2013\uitvoer_shape\Gemeente_2013_v2Water.shp,A_LFTJ6J,-1,-1;A_LFTO6J "A_LFTO6J" true true false 10 Double 0 10 ,First,#,D:\buurtkaart\Publicatie_jan2015\2013\uitvoer_shape\Gemeente_2013_v2ZW.shp,A_LFTO6J,-1,-1,D:\buurtkaart\Publicatie_jan2015\2013\uitvoer_shape\Gemeente_2013_v2Water.shp,A_LFTO6J,-1,-1;A_BST_B "A_BST_B" true true false 10 Double 0 10 ,First,#,D:\buurtkaart\Publicatie_jan2015\2013\uitvoer_shape\Gemeente_2013_v2ZW.shp,A_BST_B,-1,-1,D:\buurtkaart\Publicatie_jan2015\2013\uitvoer_shape\Gemeente_2013_v2Water.shp,A_BST_B,-1,-1;A_BST_NB "A_BST_NB" true true false 10 Double 0 10 ,First,#,D:\buurtkaart\Publicatie_jan2015\2013\uitvoer_shape\Gemeente_2013_v2ZW.shp,A_BST_NB,-1,-1,D:\buurtkaart\Publicatie_jan2015\2013\uitvoer_shape\Gemeente_2013_v2Water.shp,A_BST_NB,-1,-1;AF_ARTSPR "AF_ARTSPR" true true false 11 Double 1 10 ,First,#,D:\buurtkaart\Publicatie_jan2015\2013\uitvoer_shape\Gemeente_2013_v2ZW.shp,AF_ARTSPR,-1,-1,D:\buurtkaart\Publicatie_jan2015\2013\uitvoer_shape\Gemeente_2013_v2Water.shp,AF_ARTSPR,-1,-1;AV1_ARTSPR "AV1_ARTSPR" true true false 11 Double 1 10 ,First,#,D:\buurtkaart\Publicatie_jan2015\2013\uitvoer_shape\Gemeente_2013_v2ZW.shp,AV1_ARTSPR,-1,-1,D:\buurtkaart\Publicatie_jan2015\2013\uitvoer_shape\Gemeente_2013_v2Water.shp,AV1_ARTSPR,-1,-1;AV3_ARTSPR "AV3_ARTSPR" true true false 11 Double 1 10 ,First,#,D:\buurtkaart\Publicatie_jan2015\2013\uitvoer_shape\Gemeente_2013_v2ZW.shp,AV3_ARTSPR,-1,-1,D:\buurtkaart\Publicatie_jan2015\2013\uitvoer_shape\Gemeente_2013_v2Water.shp,AV3_ARTSPR,-1,-1;AV5_ARTSPR "AV5_ARTSPR" true true false 11 Double 1 10 ,First,#,D:\buurtkaart\Publicatie_jan2015\2013\uitvoer_shape\Gemeente_2013_v2ZW.shp,AV5_ARTSPR,-1,-1,D:\buurtkaart\Publicatie_jan2015\2013\uitvoer_shape\Gemeente_2013_v2Water.shp,AV5_ARTSPR,-1,-1;AF_APOTH "AF_APOTH" true true false 11 Double 1 10 ,First,#,D:\buurtkaart\Publicatie_jan2015\2013\uitvoer_shape\Gemeente_2013_v2ZW.shp,AF_APOTH,-1,-1,D:\buurtkaart\Publicatie_jan2015\2013\uitvoer_shape\Gemeente_2013_v2Water.shp,AF_APOTH,-1,-1;AF_ZIEK_I "AF_ZIEK_I" true true false 11 Double 1 10 ,First,#,D:\buurtkaart\Publicatie_jan2015\2013\uitvoer_shape\Gemeente_2013_v2ZW.shp,AF_ZIEK_I,-1,-1,D:\buurtkaart\Publicatie_jan2015\2013\uitvoer_shape\Gemeente_2013_v2Water.shp,AF_ZIEK_I,-1,-1;AV5_ZIEK_I "AV5_ZIEK_I" true true false 11 Double 1 10 ,First,#,D:\buurtkaart\Publicatie_jan2015\2013\uitvoer_shape\Gemeente_2013_v2ZW.shp,AV5_ZIEK_I,-1,-1,D:\buurtkaart\Publicatie_jan2015\2013\uitvoer_shape\Gemeente_2013_v2Water.shp,AV5_ZIEK_I,-1,-1;AV10ZIEK_I "AV10ZIEK_I" true true false 11 Double 1 10 ,First,#,D:\buurtkaart\Publicatie_jan2015\2013\uitvoer_shape\Gemeente_2013_v2ZW.shp,AV10ZIEK_I,-1,-1,D:\buurtkaart\Publicatie_jan2015\2013\uitvoer_shape\Gemeente_2013_v2Water.shp,AV10ZIEK_I,-1,-1;AV20ZIEK_I "AV20ZIEK_I" true true false 11 Double 1 10 ,First,#,D:\buurtkaart\Publicatie_jan2015\2013\uitvoer_shape\Gemeente_2013_v2ZW.shp,AV20ZIEK_I,-1,-1,D:\buurtkaart\Publicatie_jan2015\2013\uitvoer_shape\Gemeente_2013_v2Water.shp,AV20ZIEK_I,-1,-1;AF_ZIEK_E "AF_ZIEK_E" true true false 11 Double 1 10 ,First,#,D:\buurtkaart\Publicatie_jan2015\2013\uitvoer_shape\Gemeente_2013_v2ZW.shp,AF_ZIEK_E,-1,-1,D:\buurtkaart\Publicatie_jan2015\2013\uitvoer_shape\Gemeente_2013_v2Water.shp,AF_ZIEK_E,-1,-1;AV5_ZIEK_E "AV5_ZIEK_E" true true false 11 Double 1 10 ,First,#,D:\buurtkaart\Publicatie_jan2015\2013\uitvoer_shape\Gemeente_2013_v2ZW.shp,AV5_ZIEK_E,-1,-1,D:\buurtkaart\Publicatie_jan2015\2013\uitvoer_shape\Gemeente_2013_v2Water.shp,AV5_ZIEK_E,-1,-1;AV10ZIEK_E "AV10ZIEK_E" true true false 11 Double 1 10 ,First,#,D:\buurtkaart\Publicatie_jan2015\2013\uitvoer_shape\Gemeente_2013_v2ZW.shp,AV10ZIEK_E,-1,-1,D:\buurtkaart\Publicatie_jan2015\2013\uitvoer_shape\Gemeente_2013_v2Water.shp,AV10ZIEK_E,-1,-1;AV20ZIEK_E "AV20ZIEK_E" true true false 11 Double 1 10 ,First,#,D:\buurtkaart\Publicatie_jan2015\2013\uitvoer_shape\Gemeente_2013_v2ZW.shp,AV20ZIEK_E,-1,-1,D:\buurtkaart\Publicatie_jan2015\2013\uitvoer_shape\Gemeente_2013_v2Water.shp,AV20ZIEK_E,-1,-1;AF_SUPERM "AF_SUPERM" true true false 11 Double 1 10 ,First,#,D:\buurtkaart\Publicatie_jan2015\2013\uitvoer_shape\Gemeente_2013_v2ZW.shp,AF_SUPERM,-1,-1,D:\buurtkaart\Publicatie_jan2015\2013\uitvoer_shape\Gemeente_2013_v2Water.shp,AF_SUPERM,-1,-1;AV1_SUPERM "AV1_SUPERM" true true false 11 Double 1 10 ,First,#,D:\buurtkaart\Publicatie_jan2015\2013\uitvoer_shape\Gemeente_2013_v2ZW.shp,AV1_SUPERM,-1,-1,D:\buurtkaart\Publicatie_jan2015\2013\uitvoer_shape\Gemeente_2013_v2Water.shp,AV1_SUPERM,-1,-1;AV3_SUPERM "AV3_SUPERM" true true false 11 Double 1 10 ,First,#,D:\buurtkaart\Publicatie_jan2015\2013\uitvoer_shape\Gemeente_2013_v2ZW.shp,AV3_SUPERM,-1,-1,D:\buurtkaart\Publicatie_jan2015\2013\uitvoer_shape\Gemeente_2013_v2Water.shp,AV3_SUPERM,-1,-1;AV5_SUPERM "AV5_SUPERM" true true false 11 Double 1 10 ,First,#,D:\buurtkaart\Publicatie_jan2015\2013\uitvoer_shape\Gemeente_2013_v2ZW.shp,AV5_SUPERM,-1,-1,D:\buurtkaart\Publicatie_jan2015\2013\uitvoer_shape\Gemeente_2013_v2Water.shp,AV5_SUPERM,-1,-1;AF_DAGLMD "AF_DAGLMD" true true false 11 Double 1 10 ,First,#,D:\buurtkaart\Publicatie_jan2015\2013\uitvoer_shape\Gemeente_2013_v2ZW.shp,AF_DAGLMD,-1,-1,D:\buurtkaart\Publicatie_jan2015\2013\uitvoer_shape\Gemeente_2013_v2Water.shp,AF_DAGLMD,-1,-1;AV1_DAGLMD "AV1_DAGLMD" true true false 11 Double 1 10 ,First,#,D:\buurtkaart\Publicatie_jan2015\2013\uitvoer_shape\Gemeente_2013_v2ZW.shp,AV1_DAGLMD,-1,-1,D:\buurtkaart\Publicatie_jan2015\2013\uitvoer_shape\Gemeente_2013_v2Water.shp,AV1_DAGLMD,-1,-1;AV3_DAGLMD "AV3_DAGLMD" true true false 11 Double 1 10 ,First,#,D:\buurtkaart\Publicatie_jan2015\2013\uitvoer_shape\Gemeente_2013_v2ZW.shp,AV3_DAGLMD,-1,-1,D:\buurtkaart\Publicatie_jan2015\2013\uitvoer_shape\Gemeente_2013_v2Water.shp,AV3_DAGLMD,-1,-1;AV5_DAGLMD "AV5_DAGLMD" true true false 11 Double 1 10 ,First,#,D:\buurtkaart\Publicatie_jan2015\2013\uitvoer_shape\Gemeente_2013_v2ZW.shp,AV5_DAGLMD,-1,-1,D:\buurtkaart\Publicatie_jan2015\2013\uitvoer_shape\Gemeente_2013_v2Water.shp,AV5_DAGLMD,-1,-1;AF_WARENH "AF_WARENH" true true false 11 Double 1 10 ,First,#,D:\buurtkaart\Publicatie_jan2015\2013\uitvoer_shape\Gemeente_2013_v2ZW.shp,AF_WARENH,-1,-1,D:\buurtkaart\Publicatie_jan2015\2013\uitvoer_shape\Gemeente_2013_v2Water.shp,AF_WARENH,-1,-1;AV5_WARENH "AV5_WARENH" true true false 11 Double 1 10 ,First,#,D:\buurtkaart\Publicatie_jan2015\2013\uitvoer_shape\Gemeente_2013_v2ZW.shp,AV5_WARENH,-1,-1,D:\buurtkaart\Publicatie_jan2015\2013\uitvoer_shape\Gemeente_2013_v2Water.shp,AV5_WARENH,-1,-1;AV10WARENH "AV10WARENH" true true false 11 Double 1 10 ,First,#,D:\buurtkaart\Publicatie_jan2015\2013\uitvoer_shape\Gemeente_2013_v2ZW.shp,AV10WARENH,-1,-1,D:\buurtkaart\Publicatie_jan2015\2013\uitvoer_shape\Gemeente_2013_v2Water.shp,AV10WARENH,-1,-1;AV20WARENH "AV20WARENH" true true false 11 Double 1 10 ,First,#,D:\buurtkaart\Publicatie_jan2015\2013\uitvoer_shape\Gemeente_2013_v2ZW.shp,AV20WARENH,-1,-1,D:\buurtkaart\Publicatie_jan2015\2013\uitvoer_shape\Gemeente_2013_v2Water.shp,AV20WARENH,-1,-1;AF_CAFE "AF_CAFE" true true false 11 Double 1 10 ,First,#,D:\buurtkaart\Publicatie_jan2015\2013\uitvoer_shape\Gemeente_2013_v2ZW.shp,AF_CAFE,-1,-1,D:\buurtkaart\Publicatie_jan2015\2013\uitvoer_shape\Gemeente_2013_v2Water.shp,AF_CAFE,-1,-1;AV1_CAFE "AV1_CAFE" true true false 11 Double 1 10 ,First,#,D:\buurtkaart\Publicatie_jan2015\2013\uitvoer_shape\Gemeente_2013_v2ZW.shp,AV1_CAFE,-1,-1,D:\buurtkaart\Publicatie_jan2015\2013\uitvoer_shape\Gemeente_2013_v2Water.shp,AV1_CAFE,-1,-1;AV3_CAFE "AV3_CAFE" true true false 11 Double 1 10 ,First,#,D:\buurtkaart\Publicatie_jan2015\2013\uitvoer_shape\Gemeente_2013_v2ZW.shp,AV3_CAFE,-1,-1,D:\buurtkaart\Publicatie_jan2015\2013\uitvoer_shape\Gemeente_2013_v2Water.shp,AV3_CAFE,-1,-1;AV5_CAFE "AV5_CAFE" true true false 11 Double 1 10 ,First,#,D:\buurtkaart\Publicatie_jan2015\2013\uitvoer_shape\Gemeente_2013_v2ZW.shp,AV5_CAFE,-1,-1,D:\buurtkaart\Publicatie_jan2015\2013\uitvoer_shape\Gemeente_2013_v2Water.shp,AV5_CAFE,-1,-1;AF_CAFTAR "AF_CAFTAR" true true false 11 Double 1 10 ,First,#,D:\buurtkaart\Publicatie_jan2015\2013\uitvoer_shape\Gemeente_2013_v2ZW.shp,AF_CAFTAR,-1,-1,D:\buurtkaart\Publicatie_jan2015\2013\uitvoer_shape\Gemeente_2013_v2Water.shp,AF_CAFTAR,-1,-1;AV1_CAFTAR "AV1_CAFTAR" true true false 11 Double 1 10 ,First,#,D:\buurtkaart\Publicatie_jan2015\2013\uitvoer_shape\Gemeente_2013_v2ZW.shp,AV1_CAFTAR,-1,-1,D:\buurtkaart\Publicatie_jan2015\2013\uitvoer_shape\Gemeente_2013_v2Water.shp,AV1_CAFTAR,-1,-1;AV3_CAFTAR "AV3_CAFTAR" true true false 11 Double 1 10 ,First,#,D:\buurtkaart\Publicatie_jan2015\2013\uitvoer_shape\Gemeente_2013_v2ZW.shp,AV3_CAFTAR,-1,-1,D:\buurtkaart\Publicatie_jan2015\2013\uitvoer_shape\Gemeente_2013_v2Water.shp,AV3_CAFTAR,-1,-1;AV5_CAFTAR "AV5_CAFTAR" true true false 11 Double 1 10 ,First,#,D:\buurtkaart\Publicatie_jan2015\2013\uitvoer_shape\Gemeente_2013_v2ZW.shp,AV5_CAFTAR,-1,-1,D:\buurtkaart\Publicatie_jan2015\2013\uitvoer_shape\Gemeente_2013_v2Water.shp,AV5_CAFTAR,-1,-1;AF_RESTAU "AF_RESTAU" true true false 11 Double 1 10 ,First,#,D:\buurtkaart\Publicatie_jan2015\2013\uitvoer_shape\Gemeente_2013_v2ZW.shp,AF_RESTAU,-1,-1,D:\buurtkaart\Publicatie_jan2015\2013\uitvoer_shape\Gemeente_2013_v2Water.shp,AF_RESTAU,-1,-1;AV1_RESTAU "AV1_RESTAU" true true false 11 Double 1 10 ,First,#,D:\buurtkaart\Publicatie_jan2015\2013\uitvoer_shape\Gemeente_2013_v2ZW.shp,AV1_RESTAU,-1,-1,D:\buurtkaart\Publicatie_jan2015\2013\uitvoer_shape\Gemeente_2013_v2Water.shp,AV1_RESTAU,-1,-1;AV3_RESTAU "AV3_RESTAU" true true false 11 Double 1 10 ,First,#,D:\buurtkaart\Publicatie_jan2015\2013\uitvoer_shape\Gemeente_2013_v2ZW.shp,AV3_RESTAU,-1,-1,D:\buurtkaart\Publicatie_jan2015\2013\uitvoer_shape\Gemeente_2013_v2Water.shp,AV3_RESTAU,-1,-1;AV5_RESTAU "AV5_RESTAU" true true false 11 Double 1 10 ,First,#,D:\buurtkaart\Publicatie_jan2015\2013\uitvoer_shape\Gemeente_2013_v2ZW.shp,AV5_RESTAU,-1,-1,D:\buurtkaart\Publicatie_jan2015\2013\uitvoer_shape\Gemeente_2013_v2Water.shp,AV5_RESTAU,-1,-1;AF_HOTEL "AF_HOTEL" true true false 11 Double 1 10 ,First,#,D:\buurtkaart\Publicatie_jan2015\2013\uitvoer_shape\Gemeente_2013_v2ZW.shp,AF_HOTEL,-1,-1,D:\buurtkaart\Publicatie_jan2015\2013\uitvoer_shape\Gemeente_2013_v2Water.shp,AF_HOTEL,-1,-1;AV5_HOTEL "AV5_HOTEL" true true false 11 Double 1 10 ,First,#,D:\buurtkaart\Publicatie_jan2015\2013\uitvoer_shape\Gemeente_2013_v2ZW.shp,AV5_HOTEL,-1,-1,D:\buurtkaart\Publicatie_jan2015\2013\uitvoer_shape\Gemeente_2013_v2Water.shp,AV5_HOTEL,-1,-1;AV10_HOTEL "AV10_HOTEL" true true false 11 Double 1 10 ,First,#,D:\buurtkaart\Publicatie_jan2015\2013\uitvoer_shape\Gemeente_2013_v2ZW.shp,AV10_HOTEL,-1,-1,D:\buurtkaart\Publicatie_jan2015\2013\uitvoer_shape\Gemeente_2013_v2Water.shp,AV10_HOTEL,-1,-1;AV20_HOTEL "AV20_HOTEL" true true false 11 Double 1 10 ,First,#,D:\buurtkaart\Publicatie_jan2015\2013\uitvoer_shape\Gemeente_2013_v2ZW.shp,AV20_HOTEL,-1,-1,D:\buurtkaart\Publicatie_jan2015\2013\uitvoer_shape\Gemeente_2013_v2Water.shp,AV20_HOTEL,-1,-1;AF_KDV "AF_KDV" true true false 11 Double 1 10 ,First,#,D:\buurtkaart\Publicatie_jan2015\2013\uitvoer_shape\Gemeente_2013_v2ZW.shp,AF_KDV,-1,-1,D:\buurtkaart\Publicatie_jan2015\2013\uitvoer_shape\Gemeente_2013_v2Water.shp,AF_KDV,-1,-1;AV1_KDV "AV1_KDV" true true false 11 Double 1 10 ,First,#,D:\buurtkaart\Publicatie_jan2015\2013\uitvoer_shape\Gemeente_2013_v2ZW.shp,AV1_KDV,-1,-1,D:\buurtkaart\Publicatie_jan2015\2013\uitvoer_shape\Gemeente_2013_v2Water.shp,AV1_KDV,-1,-1;AV3_KDV "AV3_KDV" true true false 11 Double 1 10 ,First,#,D:\buurtkaart\Publicatie_jan2015\2013\uitvoer_shape\Gemeente_2013_v2ZW.shp,AV3_KDV,-1,-1,D:\buurtkaart\Publicatie_jan2015\2013\uitvoer_shape\Gemeente_2013_v2Water.shp,AV3_KDV,-1,-1;AV5_KDV "AV5_KDV" true true false 11 Double 1 10 ,First,#,D:\buurtkaart\Publicatie_jan2015\2013\uitvoer_shape\Gemeente_2013_v2ZW.shp,AV5_KDV,-1,-1,D:\buurtkaart\Publicatie_jan2015\2013\uitvoer_shape\Gemeente_2013_v2Water.shp,AV5_KDV,-1,-1;AF_BSO "AF_BSO" true true false 11 Double 1 10 ,First,#,D:\buurtkaart\Publicatie_jan2015\2013\uitvoer_shape\Gemeente_2013_v2ZW.shp,AF_BSO,-1,-1,D:\buurtkaart\Publicatie_jan2015\2013\uitvoer_shape\Gemeente_2013_v2Water.shp,AF_BSO,-1,-1;AV1_BSO "AV1_BSO" true true false 11 Double 1 10 ,First,#,D:\buurtkaart\Publicatie_jan2015\2013\uitvoer_shape\Gemeente_2013_v2ZW.shp,AV1_BSO,-1,-1,D:\buurtkaart\Publicatie_jan2015\2013\uitvoer_shape\Gemeente_2013_v2Water.shp,AV1_BSO,-1,-1;AV3_BSO "AV3_BSO" true true false 11 Double 1 10 ,First,#,D:\buurtkaart\Publicatie_jan2015\2013\uitvoer_shape\Gemeente_2013_v2ZW.shp,AV3_BSO,-1,-1,D:\buurtkaart\Publicatie_jan2015\2013\uitvoer_shape\Gemeente_2013_v2Water.shp,AV3_BSO,-1,-1;AV5_BSO "AV5_BSO" true true false 11 Double 1 10 ,First,#,D:\buurtkaart\Publicatie_jan2015\2013\uitvoer_shape\Gemeente_2013_v2ZW.shp,AV5_BSO,-1,-1,D:\buurtkaart\Publicatie_jan2015\2013\uitvoer_shape\Gemeente_2013_v2Water.shp,AV5_BSO,-1,-1;AF_ONDBAS "AF_ONDBAS" true true false 11 Double 1 10 ,First,#,D:\buurtkaart\Publicatie_jan2015\2013\uitvoer_shape\Gemeente_2013_v2ZW.shp,AF_ONDBAS,-1,-1,D:\buurtkaart\Publicatie_jan2015\2013\uitvoer_shape\Gemeente_2013_v2Water.shp,AF_ONDBAS,-1,-1;AV1_ONDBAS "AV1_ONDBAS" true true false 11 Double 1 10 ,First,#,D:\buurtkaart\Publicatie_jan2015\2013\uitvoer_shape\Gemeente_2013_v2ZW.shp,AV1_ONDBAS,-1,-1,D:\buurtkaart\Publicatie_jan2015\2013\uitvoer_shape\Gemeente_2013_v2Water.shp,AV1_ONDBAS,-1,-1;AV3_ONDBAS "AV3_ONDBAS" true true false 11 Double 1 10 ,First,#,D:\buurtkaart\Publicatie_jan2015\2013\uitvoer_shape\Gemeente_2013_v2ZW.shp,AV3_ONDBAS,-1,-1,D:\buurtkaart\Publicatie_jan2015\2013\uitvoer_shape\Gemeente_2013_v2Water.shp,AV3_ONDBAS,-1,-1;AV5_ONDBAS "AV5_ONDBAS" true true false 11 Double 1 10 ,First,#,D:\buurtkaart\Publicatie_jan2015\2013\uitvoer_shape\Gemeente_2013_v2ZW.shp,AV5_ONDBAS,-1,-1,D:\buurtkaart\Publicatie_jan2015\2013\uitvoer_shape\Gemeente_2013_v2Water.shp,AV5_ONDBAS,-1,-1;AF_ONDVRT "AF_ONDVRT" true true false 11 Double 1 10 ,First,#,D:\buurtkaart\Publicatie_jan2015\2013\uitvoer_shape\Gemeente_2013_v2ZW.shp,AF_ONDVRT,-1,-1,D:\buurtkaart\Publicatie_jan2015\2013\uitvoer_shape\Gemeente_2013_v2Water.shp,AF_ONDVRT,-1,-1;AV3_ONDVRT "AV3_ONDVRT" true true false 11 Double 1 10 ,First,#,D:\buurtkaart\Publicatie_jan2015\2013\uitvoer_shape\Gemeente_2013_v2ZW.shp,AV3_ONDVRT,-1,-1,D:\buurtkaart\Publicatie_jan2015\2013\uitvoer_shape\Gemeente_2013_v2Water.shp,AV3_ONDVRT,-1,-1;AV5_ONDVRT "AV5_ONDVRT" true true false 11 Double 1 10 ,First,#,D:\buurtkaart\Publicatie_jan2015\2013\uitvoer_shape\Gemeente_2013_v2ZW.shp,AV5_ONDVRT,-1,-1,D:\buurtkaart\Publicatie_jan2015\2013\uitvoer_shape\Gemeente_2013_v2Water.shp,AV5_ONDVRT,-1,-1;AV10ONDVRT "AV10ONDVRT" true true false 11 Double 1 10 ,First,#,D:\buurtkaart\Publicatie_jan2015\2013\uitvoer_shape\Gemeente_2013_v2ZW.shp,AV10ONDVRT,-1,-1,D:\buurtkaart\Publicatie_jan2015\2013\uitvoer_shape\Gemeente_2013_v2Water.shp,AV10ONDVRT,-1,-1;AF_ONDVMB "AF_ONDVMB" true true false 11 Double 1 10 ,First,#,D:\buurtkaart\Publicatie_jan2015\2013\uitvoer_shape\Gemeente_2013_v2ZW.shp,AF_ONDVMB,-1,-1,D:\buurtkaart\Publicatie_jan2015\2013\uitvoer_shape\Gemeente_2013_v2Water.shp,AF_ONDVMB,-1,-1;AV3_ONDVMB "AV3_ONDVMB" true true false 11 Double 1 10 ,First,#,D:\buurtkaart\Publicatie_jan2015\2013\uitvoer_shape\Gemeente_2013_v2ZW.shp,AV3_ONDVMB,-1,-1,D:\buurtkaart\Publicatie_jan2015\2013\uitvoer_shape\Gemeente_2013_v2Water.shp,AV3_ONDVMB,-1,-1;AV5_ONDVMB "AV5_ONDVMB" true true false 11 Double 1 10 ,First,#,D:\buurtkaart\Publicatie_jan2015\2013\uitvoer_shape\Gemeente_2013_v2ZW.shp,AV5_ONDVMB,-1,-1,D:\buurtkaart\Publicatie_jan2015\2013\uitvoer_shape\Gemeente_2013_v2Water.shp,AV5_ONDVMB,-1,-1;AV10ONDVMB "AV10ONDVMB" true true false 11 Double 1 10 ,First,#,D:\buurtkaart\Publicatie_jan2015\2013\uitvoer_shape\Gemeente_2013_v2ZW.shp,AV10ONDVMB,-1,-1,D:\buurtkaart\Publicatie_jan2015\2013\uitvoer_shape\Gemeente_2013_v2Water.shp,AV10ONDVMB,-1,-1;AF_ONDHV "AF_ONDHV" true true false 11 Double 1 10 ,First,#,D:\buurtkaart\Publicatie_jan2015\2013\uitvoer_shape\Gemeente_2013_v2ZW.shp,AF_ONDHV,-1,-1,D:\buurtkaart\Publicatie_jan2015\2013\uitvoer_shape\Gemeente_2013_v2Water.shp,AF_ONDHV,-1,-1;AV3_ONDHV "AV3_ONDHV" true true false 11 Double 1 10 ,First,#,D:\buurtkaart\Publicatie_jan2015\2013\uitvoer_shape\Gemeente_2013_v2ZW.shp,AV3_ONDHV,-1,-1,D:\buurtkaart\Publicatie_jan2015\2013\uitvoer_shape\Gemeente_2013_v2Water.shp,AV3_ONDHV,-1,-1;AV5_ONDHV "AV5_ONDHV" true true false 11 Double 1 10 ,First,#,D:\buurtkaart\Publicatie_jan2015\2013\uitvoer_shape\Gemeente_2013_v2ZW.shp,AV5_ONDHV,-1,-1,D:\buurtkaart\Publicatie_jan2015\2013\uitvoer_shape\Gemeente_2013_v2Water.shp,AV5_ONDHV,-1,-1;AV10_ONDHV "AV10_ONDHV" true true false 11 Double 1 10 ,First,#,D:\buurtkaart\Publicatie_jan2015\2013\uitvoer_shape\Gemeente_2013_v2ZW.shp,AV10_ONDHV,-1,-1,D:\buurtkaart\Publicatie_jan2015\2013\uitvoer_shape\Gemeente_2013_v2Water.shp,AV10_ONDHV,-1,-1;AF_BRANDW "AF_BRANDW" true true false 11 Double 1 10 ,First,#,D:\buurtkaart\Publicatie_jan2015\2013\uitvoer_shape\Gemeente_2013_v2ZW.shp,AF_BRANDW,-1,-1,D:\buurtkaart\Publicatie_jan2015\2013\uitvoer_shape\Gemeente_2013_v2Water.shp,AF_BRANDW,-1,-1;AF_OPRITH "AF_OPRITH" true true false 11 Double 1 10 ,First,#,D:\buurtkaart\Publicatie_jan2015\2013\uitvoer_shape\Gemeente_2013_v2ZW.shp,AF_OPRITH,-1,-1,D:\buurtkaart\Publicatie_jan2015\2013\uitvoer_shape\Gemeente_2013_v2Water.shp,AF_OPRITH,-1,-1;AF_TREINST "AF_TREINST" true true false 11 Double 1 10 ,First,#,D:\buurtkaart\Publicatie_jan2015\2013\uitvoer_shape\Gemeente_2013_v2ZW.shp,AF_TREINST,-1,-1,D:\buurtkaart\Publicatie_jan2015\2013\uitvoer_shape\Gemeente_2013_v2Water.shp,AF_TREINST,-1,-1;AF_OVERST "AF_OVERST" true true false 11 Double 1 10 ,First,#,D:\buurtkaart\Publicatie_jan2015\2013\uitvoer_shape\Gemeente_2013_v2ZW.shp,AF_OVERST,-1,-1,D:\buurtkaart\Publicatie_jan2015\2013\uitvoer_shape\Gemeente_2013_v2Water.shp,AF_OVERST,-1,-1;AF_ZWEMB "AF_ZWEMB" true true false 11 Double 1 10 ,First,#,D:\buurtkaart\Publicatie_jan2015\2013\uitvoer_shape\Gemeente_2013_v2ZW.shp,AF_ZWEMB,-1,-1,D:\buurtkaart\Publicatie_jan2015\2013\uitvoer_shape\Gemeente_2013_v2Water.shp,AF_ZWEMB,-1,-1;AF_IJSBAAN "AF_IJSBAAN" true true false 11 Double 1 10 ,First,#,D:\buurtkaart\Publicatie_jan2015\2013\uitvoer_shape\Gemeente_2013_v2ZW.shp,AF_IJSBAAN,-1,-1,D:\buurtkaart\Publicatie_jan2015\2013\uitvoer_shape\Gemeente_2013_v2Water.shp,AF_IJSBAAN,-1,-1;AF_BIBLIO "AF_BIBLIO" true true false 11 Double 1 10 ,First,#,D:\buurtkaart\Publicatie_jan2015\2013\uitvoer_shape\Gemeente_2013_v2ZW.shp,AF_BIBLIO,-1,-1,D:\buurtkaart\Publicatie_jan2015\2013\uitvoer_shape\Gemeente_2013_v2Water.shp,AF_BIBLIO,-1,-1;AF_BIOS "AF_BIOS" true true false 11 Double 1 10 ,First,#,D:\buurtkaart\Publicatie_jan2015\2013\uitvoer_shape\Gemeente_2013_v2ZW.shp,AF_BIOS,-1,-1,D:\buurtkaart\Publicatie_jan2015\2013\uitvoer_shape\Gemeente_2013_v2Water.shp,AF_BIOS,-1,-1;AV5_BIOS "AV5_BIOS" true true false 11 Double 1 10 ,First,#,D:\buurtkaart\Publicatie_jan2015\2013\uitvoer_shape\Gemeente_2013_v2ZW.shp,AV5_BIOS,-1,-1,D:\buurtkaart\Publicatie_jan2015\2013\uitvoer_shape\Gemeente_2013_v2Water.shp,AV5_BIOS,-1,-1;AV10_BIOS "AV10_BIOS" true true false 11 Double 1 10 ,First,#,D:\buurtkaart\Publicatie_jan2015\2013\uitvoer_shape\Gemeente_2013_v2ZW.shp,AV10_BIOS,-1,-1,D:\buurtkaart\Publicatie_jan2015\2013\uitvoer_shape\Gemeente_2013_v2Water.shp,AV10_BIOS,-1,-1;AV20_BIOS "AV20_BIOS" true true false 11 Double 1 10 ,First,#,D:\buurtkaart\Publicatie_jan2015\2013\uitvoer_shape\Gemeente_2013_v2ZW.shp,AV20_BIOS,-1,-1,D:\buurtkaart\Publicatie_jan2015\2013\uitvoer_shape\Gemeente_2013_v2Water.shp,AV20_BIOS,-1,-1;AF_SAUNA "AF_SAUNA" true true false 11 Double 1 10 ,First,#,D:\buurtkaart\Publicatie_jan2015\2013\uitvoer_shape\Gemeente_2013_v2ZW.shp,AF_SAUNA,-1,-1,D:\buurtkaart\Publicatie_jan2015\2013\uitvoer_shape\Gemeente_2013_v2Water.shp,AF_SAUNA,-1,-1;AF_ZONBNK "AF_ZONBNK" true true false 11 Double 1 10 ,First,#,D:\buurtkaart\Publicatie_jan2015\2013\uitvoer_shape\Gemeente_2013_v2ZW.shp,AF_ZONBNK,-1,-1,D:\buurtkaart\Publicatie_jan2015\2013\uitvoer_shape\Gemeente_2013_v2Water.shp,AF_ZONBNK,-1,-1;AF_ATTRAC "AF_ATTRAC" true true false 11 Double 1 10 ,First,#,D:\buurtkaart\Publicatie_jan2015\2013\uitvoer_shape\Gemeente_2013_v2ZW.shp,AF_ATTRAC,-1,-1,D:\buurtkaart\Publicatie_jan2015\2013\uitvoer_shape\Gemeente_2013_v2Water.shp,AF_ATTRAC,-1,-1;AV10ATTRAC "AV10ATTRAC" true true false 11 Double 1 10 ,First,#,D:\buurtkaart\Publicatie_jan2015\2013\uitvoer_shape\Gemeente_2013_v2ZW.shp,AV10ATTRAC,-1,-1,D:\buurtkaart\Publicatie_jan2015\2013\uitvoer_shape\Gemeente_2013_v2Water.shp,AV10ATTRAC,-1,-1;AV20ATTRAC "AV20ATTRAC" true true false 11 Double 1 10 ,First,#,D:\buurtkaart\Publicatie_jan2015\2013\uitvoer_shape\Gemeente_2013_v2ZW.shp,AV20ATTRAC,-1,-1,D:\buurtkaart\Publicatie_jan2015\2013\uitvoer_shape\Gemeente_2013_v2Water.shp,AV20ATTRAC,-1,-1;AV50ATTRAC "AV50ATTRAC" true true false 11 Double 1 10 ,First,#,D:\buurtkaart\Publicatie_jan2015\2013\uitvoer_shape\Gemeente_2013_v2ZW.shp,AV50ATTRAC,-1,-1,D:\buurtkaart\Publicatie_jan2015\2013\uitvoer_shape\Gemeente_2013_v2Water.shp,AV50ATTRAC,-1,-1;AF_PODIUM "AF_PODIUM" true true false 11 Double 1 10 ,First,#,D:\buurtkaart\Publicatie_jan2015\2013\uitvoer_shape\Gemeente_2013_v2ZW.shp,AF_PODIUM,-1,-1,D:\buurtkaart\Publicatie_jan2015\2013\uitvoer_shape\Gemeente_2013_v2Water.shp,AF_PODIUM,-1,-1;AV5_PODIUM "AV5_PODIUM" true true false 11 Double 1 10 ,First,#,D:\buurtkaart\Publicatie_jan2015\2013\uitvoer_shape\Gemeente_2013_v2ZW.shp,AV5_PODIUM,-1,-1,D:\buurtkaart\Publicatie_jan2015\2013\uitvoer_shape\Gemeente_2013_v2Water.shp,AV5_PODIUM,-1,-1;AV10PODIUM "AV10PODIUM" true true false 11 Double 1 10 ,First,#,D:\buurtkaart\Publicatie_jan2015\2013\uitvoer_shape\Gemeente_2013_v2ZW.shp,AV10PODIUM,-1,-1,D:\buurtkaart\Publicatie_jan2015\2013\uitvoer_shape\Gemeente_2013_v2Water.shp,AV10PODIUM,-1,-1;AV20PODIUM "AV20PODIUM" true true false 11 Double 1 10 ,First,#,D:\buurtkaart\Publicatie_jan2015\2013\uitvoer_shape\Gemeente_2013_v2ZW.shp,AV20PODIUM,-1,-1,D:\buurtkaart\Publicatie_jan2015\2013\uitvoer_shape\Gemeente_2013_v2Water.shp,AV20PODIUM,-1,-1;AF_POP "AF_POP" true true false 11 Double 1 10 ,First,#,D:\buurtkaart\Publicatie_jan2015\2013\uitvoer_shape\Gemeente_2013_v2ZW.shp,AF_POP,-1,-1,D:\buurtkaart\Publicatie_jan2015\2013\uitvoer_shape\Gemeente_2013_v2Water.shp,AF_POP,-1,-1;OPP_TOT "OPP_TOT" true true false 10 Double 0 10 ,First,#,D:\buurtkaart\Publicatie_jan2015\2013\uitvoer_shape\Gemeente_2013_v2ZW.shp,OPP_TOT,-1,-1,D:\buurtkaart\Publicatie_jan2015\2013\uitvoer_shape\Gemeente_2013_v2Water.shp,OPP_TOT,-1,-1;OPP_LAND "OPP_LAND" true true false 10 Double 0 10 ,First,#,D:\buurtkaart\Publicatie_jan2015\2013\uitvoer_shape\Gemeente_2013_v2ZW.shp,OPP_LAND,-1,-1,D:\buurtkaart\Publicatie_jan2015\2013\uitvoer_shape\Gemeente_2013_v2Water.shp,OPP_LAND,-1,-1;OPP_WATER "OPP_WATER" true true false 10 Double 0 10 ,First,#,D:\buurtkaart\Publicatie_jan2015\2013\uitvoer_shape\Gemeente_2013_v2ZW.shp,OPP_WATER,-1,-1,D:\buurtkaart\Publicatie_jan2015\2013\uitvoer_shape\Gemeente_2013_v2Water.shp,OPP_WATER,-1,-1"</Process></lineage></DataProperties><SyncDate>20141210</SyncDate><SyncTime>15542600</SyncTime><ModDate>20141210</ModDate><ModTime>15542600</ModTime></Esri><dataIdInfo><envirDesc Sync="TRUE">Microsoft Windows 7 Version 6.1 (Build 7601) Service Pack 1; Esri ArcGIS 10.1.1.3143</envirDesc><dataLang><languageCode value="nld" Sync="TRUE"></languageCode><countryCode value="NLD" Sync="TRUE"></countryCode></dataLang><idCitation><resTitle Sync="TRUE">gem_2013</resTitle><presForm><PresFormCd value="005" Sync="TRUE"></PresFormCd></presForm></idCitation><spatRpType><SpatRepTypCd value="001" Sync="TRUE"></SpatRepTypCd></spatRpType></dataIdInfo><mdLang><languageCode value="nld" Sync="TRUE"></languageCode><countryCode value="NLD" Sync="TRUE"></countryCode></mdLang><mdChar><CharSetCd value="004" Sync="TRUE"></CharSetCd></mdChar><distInfo><distFormat><formatName Sync="TRUE">Shapefile</formatName></distFormat><distTranOps><transSize Sync="TRUE">0.000</transSize></distTranOps></distInfo><mdHrLv><ScopeCd value="005" Sync="TRUE"></ScopeCd></mdHrLv><mdHrLvName Sync="TRUE">dataset</mdHrLvName><refSysInfo><RefSystem><refSysID><identCode code="28992" Sync="TRUE"></identCode><idCodeSpace Sync="TRUE">EPSG</idCodeSpace><idVersion Sync="TRUE">7.11.2</idVersion></refSysID></RefSystem></refSysInfo><spatRepInfo><VectSpatRep><geometObjs Name="gem_2013"><geoObjTyp><GeoObjTypCd value="002" Sync="TRUE"></GeoObjTypCd></geoObjTyp><geoObjCnt Sync="TRUE">0</geoObjCnt></geometObjs><topLvl><TopoLevCd value="001" Sync="TRUE"></TopoLevCd></topLvl></VectSpatRep></spatRepInfo><spdoinfo><ptvctinf><esriterm Name="gem_2013"><efeatyp Sync="TRUE">Simple</efeatyp><efeageom code="4" Sync="TRUE"></efeageom><esritopo Sync="TRUE">FALSE</esritopo><efeacnt Sync="TRUE">0</efeacnt><spindex Sync="TRUE">FALSE</spindex><linrefer Sync="TRUE">FALSE</linrefer></esriterm></ptvctinf></spdoinfo><eainfo><detailed Name="gem_2013"><enttyp><enttypl Sync="TRUE">gem_2013</enttypl><enttypt Sync="TRUE">Feature Class</enttypt><enttypc Sync="TRUE">0</enttypc></enttyp><attr><attrlabl Sync="TRUE">FID</attrlabl><attalias Sync="TRUE">FID</attalias><attrtype Sync="TRUE">OID</attrtype><attwidth Sync="TRUE">4</attwidth><atprecis Sync="TRUE">0</atprecis><attscale Sync="TRUE">0</attscale><attrdef Sync="TRUE">Internal feature number.</attrdef><attrdefs Sync="TRUE">Esri</attrdefs><attrdomv><udom Sync="TRUE">Sequential unique whole numbers that are automatically generated.</udom></attrdomv></attr><attr><attrlabl Sync="TRUE">Shape</attrlabl><attalias Sync="TRUE">Shape</attalias><attrtype Sync="TRUE">Geometry</attrtype><attwidth Sync="TRUE">0</attwidth><atprecis Sync="TRUE">0</atprecis><attscale Sync="TRUE">0</attscale><attrdef Sync="TRUE">Feature geometry.</attrdef><attrdefs Sync="TRUE">Esri</attrdefs><attrdomv><udom Sync="TRUE">Coordinates defining the features.</udom></attrdomv></attr><attr><attrlabl Sync="TRUE">GM_CODE</attrlabl><attalias Sync="TRUE">GM_CODE</attalias><attrtype Sync="TRUE">String</attrtype><attwidth Sync="TRUE">6</attwidth><atprecis Sync="TRUE">0</atprecis><attscale Sync="TRUE">0</attscale></attr><attr><attrlabl Sync="TRUE">GM_NAAM</attrlabl><attalias Sync="TRUE">GM_NAAM</attalias><attrtype Sync="TRUE">String</attrtype><attwidth Sync="TRUE">60</attwidth><atprecis Sync="TRUE">0</atprecis><attscale Sync="TRUE">0</attscale></attr><attr><attrlabl Sync="TRUE">WATER</attrlabl><attalias Sync="TRUE">WATER</attalias><attrtype Sync="TRUE">String</attrtype><attwidth Sync="TRUE">4</attwidth><atprecis Sync="TRUE">0</atprecis><attscale Sync="TRUE">0</attscale></attr><attr><attrlabl Sync="TRUE">OAD</attrlabl><attalias Sync="TRUE">OAD</attalias><attrtype Sync="TRUE">Double</attrtype><attwidth Sync="TRUE">10</attwidth><atprecis Sync="TRUE">10</atprecis><attscale Sync="TRUE">0</attscale></attr><attr><attrlabl Sync="TRUE">STED</attrlabl><attalias Sync="TRUE">STED</attalias><attrtype Sync="TRUE">Double</attrtype><attwidth Sync="TRUE">10</attwidth><atprecis Sync="TRUE">10</atprecis><attscale Sync="TRUE">0</attscale></attr><attr><attrlabl Sync="TRUE">AANT_INW</attrlabl><attalias Sync="TRUE">AANT_INW</attalias><attrtype Sync="TRUE">Double</attrtype><attwidth Sync="TRUE">10</attwidth><atprecis Sync="TRUE">10</atprecis><attscale Sync="TRUE">0</attscale></attr><attr><attrlabl Sync="TRUE">AANT_MAN</attrlabl><attalias Sync="TRUE">AANT_MAN</attalias><attrtype Sync="TRUE">Double</attrtype><attwidth Sync="TRUE">10</attwidth><atprecis Sync="TRUE">10</atprecis><attscale Sync="TRUE">0</attscale></attr><attr><attrlabl Sync="TRUE">AANT_VROUW</attrlabl><attalias Sync="TRUE">AANT_VROUW</attalias><attrtype Sync="TRUE">Double</attrtype><attwidth Sync="TRUE">10</attwidth><atprecis Sync="TRUE">10</atprecis><attscale Sync="TRUE">0</attscale></attr><attr><attrlabl Sync="TRUE">P_00_14_JR</attrlabl><attalias Sync="TRUE">P_00_14_JR</attalias><attrtype Sync="TRUE">Double</attrtype><attwidth Sync="TRUE">10</attwidth><atprecis Sync="TRUE">10</atprecis><attscale Sync="TRUE">0</attscale></attr><attr><attrlabl Sync="TRUE">P_15_24_JR</attrlabl><attalias Sync="TRUE">P_15_24_JR</attalias><attrtype Sync="TRUE">Double</attrtype><attwidth Sync="TRUE">10</attwidth><atprecis Sync="TRUE">10</atprecis><attscale Sync="TRUE">0</attscale></attr><attr><attrlabl Sync="TRUE">P_25_44_JR</attrlabl><attalias Sync="TRUE">P_25_44_JR</attalias><attrtype Sync="TRUE">Double</attrtype><attwidth Sync="TRUE">10</attwidth><atprecis Sync="TRUE">10</atprecis><attscale Sync="TRUE">0</attscale></attr><attr><attrlabl Sync="TRUE">P_45_64_JR</attrlabl><attalias Sync="TRUE">P_45_64_JR</attalias><attrtype Sync="TRUE">Double</attrtype><attwidth Sync="TRUE">10</attwidth><atprecis Sync="TRUE">10</atprecis><attscale Sync="TRUE">0</attscale></attr><attr><attrlabl Sync="TRUE">P_65_EO_JR</attrlabl><attalias Sync="TRUE">P_65_EO_JR</attalias><attrtype Sync="TRUE">Double</attrtype><attwidth Sync="TRUE">10</attwidth><atprecis Sync="TRUE">10</atprecis><attscale Sync="TRUE">0</attscale></attr><attr><attrlabl Sync="TRUE">P_ONGEHUWD</attrlabl><attalias Sync="TRUE">P_ONGEHUWD</attalias><attrtype Sync="TRUE">Double</attrtype><attwidth Sync="TRUE">10</attwidth><atprecis Sync="TRUE">10</atprecis><attscale Sync="TRUE">0</attscale></attr><attr><attrlabl Sync="TRUE">P_GEHUWD</attrlabl><attalias Sync="TRUE">P_GEHUWD</attalias><attrtype Sync="TRUE">Double</attrtype><attwidth Sync="TRUE">10</attwidth><atprecis Sync="TRUE">10</atprecis><attscale Sync="TRUE">0</attscale></attr><attr><attrlabl Sync="TRUE">P_GESCHEID</attrlabl><attalias Sync="TRUE">P_GESCHEID</attalias><attrtype Sync="TRUE">Double</attrtype><attwidth Sync="TRUE">10</attwidth><atprecis Sync="TRUE">10</atprecis><attscale Sync="TRUE">0</attscale></attr><attr><attrlabl Sync="TRUE">P_VERWEDUW</attrlabl><attalias Sync="TRUE">P_VERWEDUW</attalias><attrtype Sync="TRUE">Double</attrtype><attwidth Sync="TRUE">10</attwidth><atprecis Sync="TRUE">10</atprecis><attscale Sync="TRUE">0</attscale></attr><attr><attrlabl Sync="TRUE">GEBOO_TOT</attrlabl><attalias Sync="TRUE">GEBOO_TOT</attalias><attrtype Sync="TRUE">Double</attrtype><attwidth Sync="TRUE">10</attwidth><atprecis Sync="TRUE">10</atprecis><attscale Sync="TRUE">0</attscale></attr><attr><attrlabl Sync="TRUE">P_GEBOO</attrlabl><attalias Sync="TRUE">P_GEBOO</attalias><attrtype Sync="TRUE">Double</attrtype><attwidth Sync="TRUE">10</attwidth><atprecis Sync="TRUE">10</atprecis><attscale Sync="TRUE">0</attscale></attr><attr><attrlabl Sync="TRUE">STERFT_TOT</attrlabl><attalias Sync="TRUE">STERFT_TOT</attalias><attrtype Sync="TRUE">Double</attrtype><attwidth Sync="TRUE">10</attwidth><atprecis Sync="TRUE">10</atprecis><attscale Sync="TRUE">0</attscale></attr><attr><attrlabl Sync="TRUE">P_STERFT</attrlabl><attalias Sync="TRUE">P_STERFT</attalias><attrtype Sync="TRUE">Double</attrtype><attwidth Sync="TRUE">10</attwidth><atprecis Sync="TRUE">10</atprecis><attscale Sync="TRUE">0</attscale></attr><attr><attrlabl Sync="TRUE">BEV_DICHTH</attrlabl><attalias Sync="TRUE">BEV_DICHTH</attalias><attrtype Sync="TRUE">Double</attrtype><attwidth Sync="TRUE">10</attwidth><atprecis Sync="TRUE">10</atprecis><attscale Sync="TRUE">0</attscale></attr><attr><attrlabl Sync="TRUE">AANTAL_HH</attrlabl><attalias Sync="TRUE">AANTAL_HH</attalias><attrtype Sync="TRUE">Double</attrtype><attwidth Sync="TRUE">10</attwidth><atprecis Sync="TRUE">10</atprecis><attscale Sync="TRUE">0</attscale></attr><attr><attrlabl Sync="TRUE">P_EENP_HH</attrlabl><attalias Sync="TRUE">P_EENP_HH</attalias><attrtype Sync="TRUE">Double</attrtype><attwidth Sync="TRUE">10</attwidth><atprecis Sync="TRUE">10</atprecis><attscale Sync="TRUE">0</attscale></attr><attr><attrlabl Sync="TRUE">P_HH_Z_K</attrlabl><attalias Sync="TRUE">P_HH_Z_K</attalias><attrtype Sync="TRUE">Double</attrtype><attwidth Sync="TRUE">10</attwidth><atprecis Sync="TRUE">10</atprecis><attscale Sync="TRUE">0</attscale></attr><attr><attrlabl Sync="TRUE">P_HH_M_K</attrlabl><attalias Sync="TRUE">P_HH_M_K</attalias><attrtype Sync="TRUE">Double</attrtype><attwidth Sync="TRUE">10</attwidth><atprecis Sync="TRUE">10</atprecis><attscale Sync="TRUE">0</attscale></attr><attr><attrlabl Sync="TRUE">GEM_HH_GR</attrlabl><attalias Sync="TRUE">GEM_HH_GR</attalias><attrtype Sync="TRUE">Double</attrtype><attwidth Sync="TRUE">11</attwidth><atprecis Sync="TRUE">10</atprecis><attscale Sync="TRUE">1</attscale></attr><attr><attrlabl Sync="TRUE">P_WEST_AL</attrlabl><attalias Sync="TRUE">P_WEST_AL</attalias><attrtype Sync="TRUE">Double</attrtype><attwidth Sync="TRUE">10</attwidth><atprecis Sync="TRUE">10</atprecis><attscale Sync="TRUE">0</attscale></attr><attr><attrlabl Sync="TRUE">P_N_W_AL</attrlabl><attalias Sync="TRUE">P_N_W_AL</attalias><attrtype Sync="TRUE">Double</attrtype><attwidth Sync="TRUE">10</attwidth><atprecis Sync="TRUE">10</atprecis><attscale Sync="TRUE">0</attscale></attr><attr><attrlabl Sync="TRUE">P_MAROKKO</attrlabl><attalias Sync="TRUE">P_MAROKKO</attalias><attrtype Sync="TRUE">Double</attrtype><attwidth Sync="TRUE">10</attwidth><atprecis Sync="TRUE">10</atprecis><attscale Sync="TRUE">0</attscale></attr><attr><attrlabl Sync="TRUE">P_ANT_ARU</attrlabl><attalias Sync="TRUE">P_ANT_ARU</attalias><attrtype Sync="TRUE">Double</attrtype><attwidth Sync="TRUE">10</attwidth><atprecis Sync="TRUE">10</atprecis><attscale Sync="TRUE">0</attscale></attr><attr><attrlabl Sync="TRUE">P_SURINAM</attrlabl><attalias Sync="TRUE">P_SURINAM</attalias><attrtype Sync="TRUE">Double</attrtype><attwidth Sync="TRUE">10</attwidth><atprecis Sync="TRUE">10</atprecis><attscale Sync="TRUE">0</attscale></attr><attr><attrlabl Sync="TRUE">P_TURKIJE</attrlabl><attalias Sync="TRUE">P_TURKIJE</attalias><attrtype Sync="TRUE">Double</attrtype><attwidth Sync="TRUE">10</attwidth><atprecis Sync="TRUE">10</atprecis><attscale Sync="TRUE">0</attscale></attr><attr><attrlabl Sync="TRUE">P_OVER_NW</attrlabl><attalias Sync="TRUE">P_OVER_NW</attalias><attrtype Sync="TRUE">Double</attrtype><attwidth Sync="TRUE">10</attwidth><atprecis Sync="TRUE">10</atprecis><attscale Sync="TRUE">0</attscale></attr><attr><attrlabl Sync="TRUE">A_BED_A</attrlabl><attalias Sync="TRUE">A_BED_A</attalias><attrtype Sync="TRUE">Double</attrtype><attwidth Sync="TRUE">10</attwidth><atprecis Sync="TRUE">10</atprecis><attscale Sync="TRUE">0</attscale></attr><attr><attrlabl Sync="TRUE">A_BED_BF</attrlabl><attalias Sync="TRUE">A_BED_BF</attalias><attrtype Sync="TRUE">Double</attrtype><attwidth Sync="TRUE">10</attwidth><atprecis Sync="TRUE">10</atprecis><attscale Sync="TRUE">0</attscale></attr><attr><attrlabl Sync="TRUE">A_BED_GI</attrlabl><attalias Sync="TRUE">A_BED_GI</attalias><attrtype Sync="TRUE">Double</attrtype><attwidth Sync="TRUE">10</attwidth><atprecis Sync="TRUE">10</atprecis><attscale Sync="TRUE">0</attscale></attr><attr><attrlabl Sync="TRUE">A_BED_HJ</attrlabl><attalias Sync="TRUE">A_BED_HJ</attalias><attrtype Sync="TRUE">Double</attrtype><attwidth Sync="TRUE">10</attwidth><atprecis Sync="TRUE">10</atprecis><attscale Sync="TRUE">0</attscale></attr><attr><attrlabl Sync="TRUE">A_BED_KL</attrlabl><attalias Sync="TRUE">A_BED_KL</attalias><attrtype Sync="TRUE">Double</attrtype><attwidth Sync="TRUE">10</attwidth><atprecis Sync="TRUE">10</atprecis><attscale Sync="TRUE">0</attscale></attr><attr><attrlabl Sync="TRUE">A_BED_MN</attrlabl><attalias Sync="TRUE">A_BED_MN</attalias><attrtype Sync="TRUE">Double</attrtype><attwidth Sync="TRUE">10</attwidth><atprecis Sync="TRUE">10</atprecis><attscale Sync="TRUE">0</attscale></attr><attr><attrlabl Sync="TRUE">A_BED_RU</attrlabl><attalias Sync="TRUE">A_BED_RU</attalias><attrtype Sync="TRUE">Double</attrtype><attwidth Sync="TRUE">10</attwidth><atprecis Sync="TRUE">10</atprecis><attscale Sync="TRUE">0</attscale></attr><attr><attrlabl Sync="TRUE">A_BEDV</attrlabl><attalias Sync="TRUE">A_BEDV</attalias><attrtype Sync="TRUE">Double</attrtype><attwidth Sync="TRUE">10</attwidth><atprecis Sync="TRUE">10</atprecis><attscale Sync="TRUE">0</attscale></attr><attr><attrlabl Sync="TRUE">WONINGEN</attrlabl><attalias Sync="TRUE">WONINGEN</attalias><attrtype Sync="TRUE">Double</attrtype><attwidth Sync="TRUE">10</attwidth><atprecis Sync="TRUE">10</atprecis><attscale Sync="TRUE">0</attscale></attr><attr><attrlabl Sync="TRUE">WOZ</attrlabl><attalias Sync="TRUE">WOZ</attalias><attrtype Sync="TRUE">Double</attrtype><attwidth Sync="TRUE">10</attwidth><atprecis Sync="TRUE">10</atprecis><attscale Sync="TRUE">0</attscale></attr><attr><attrlabl Sync="TRUE">P_1GEZW</attrlabl><attalias Sync="TRUE">P_1GEZW</attalias><attrtype Sync="TRUE">Double</attrtype><attwidth Sync="TRUE">10</attwidth><atprecis Sync="TRUE">10</atprecis><attscale Sync="TRUE">0</attscale></attr><attr><attrlabl Sync="TRUE">P_MGEZW</attrlabl><attalias Sync="TRUE">P_MGEZW</attalias><attrtype Sync="TRUE">Double</attrtype><attwidth Sync="TRUE">10</attwidth><atprecis Sync="TRUE">10</atprecis><attscale Sync="TRUE">0</attscale></attr><attr><attrlabl Sync="TRUE">P_BEWNDW</attrlabl><attalias Sync="TRUE">P_BEWNDW</attalias><attrtype Sync="TRUE">Double</attrtype><attwidth Sync="TRUE">10</attwidth><atprecis Sync="TRUE">10</atprecis><attscale Sync="TRUE">0</attscale></attr><attr><attrlabl Sync="TRUE">P_KOOPWON</attrlabl><attalias Sync="TRUE">P_KOOPWON</attalias><attrtype Sync="TRUE">Double</attrtype><attwidth Sync="TRUE">10</attwidth><atprecis Sync="TRUE">10</atprecis><attscale Sync="TRUE">0</attscale></attr><attr><attrlabl Sync="TRUE">P_HUURWON</attrlabl><attalias Sync="TRUE">P_HUURWON</attalias><attrtype Sync="TRUE">Double</attrtype><attwidth Sync="TRUE">10</attwidth><atprecis Sync="TRUE">10</atprecis><attscale Sync="TRUE">0</attscale></attr><attr><attrlabl Sync="TRUE">P_HUURCORP</attrlabl><attalias Sync="TRUE">P_HUURCORP</attalias><attrtype Sync="TRUE">Double</attrtype><attwidth Sync="TRUE">10</attwidth><atprecis Sync="TRUE">10</atprecis><attscale Sync="TRUE">0</attscale></attr><attr><attrlabl Sync="TRUE">P_HUUROVVH</attrlabl><attalias Sync="TRUE">P_HUUROVVH</attalias><attrtype Sync="TRUE">Double</attrtype><attwidth Sync="TRUE">10</attwidth><atprecis Sync="TRUE">10</atprecis><attscale Sync="TRUE">0</attscale></attr><attr><attrlabl Sync="TRUE">P_HUKO_ONB</attrlabl><attalias Sync="TRUE">P_HUKO_ONB</attalias><attrtype Sync="TRUE">Double</attrtype><attwidth Sync="TRUE">10</attwidth><atprecis Sync="TRUE">10</atprecis><attscale Sync="TRUE">0</attscale></attr><attr><attrlabl Sync="TRUE">P_WONT2000</attrlabl><attalias Sync="TRUE">P_WONT2000</attalias><attrtype Sync="TRUE">Double</attrtype><attwidth Sync="TRUE">10</attwidth><atprecis Sync="TRUE">10</atprecis><attscale Sync="TRUE">0</attscale></attr><attr><attrlabl Sync="TRUE">P_WONV2000</attrlabl><attalias Sync="TRUE">P_WONV2000</attalias><attrtype Sync="TRUE">Double</attrtype><attwidth Sync="TRUE">10</attwidth><atprecis Sync="TRUE">10</atprecis><attscale Sync="TRUE">0</attscale></attr><attr><attrlabl Sync="TRUE">P_LEEGSW</attrlabl><attalias Sync="TRUE">P_LEEGSW</attalias><attrtype Sync="TRUE">Double</attrtype><attwidth Sync="TRUE">10</attwidth><atprecis Sync="TRUE">10</atprecis><attscale Sync="TRUE">0</attscale></attr><attr><attrlabl Sync="TRUE">G_GAS_TOT</attrlabl><attalias Sync="TRUE">G_GAS_TOT</attalias><attrtype Sync="TRUE">Double</attrtype><attwidth Sync="TRUE">10</attwidth><atprecis Sync="TRUE">10</atprecis><attscale Sync="TRUE">0</attscale></attr><attr><attrlabl Sync="TRUE">G_GAS_APP</attrlabl><attalias Sync="TRUE">G_GAS_APP</attalias><attrtype Sync="TRUE">Double</attrtype><attwidth Sync="TRUE">10</attwidth><atprecis Sync="TRUE">10</atprecis><attscale Sync="TRUE">0</attscale></attr><attr><attrlabl Sync="TRUE">G_GAS_TUS</attrlabl><attalias Sync="TRUE">G_GAS_TUS</attalias><attrtype Sync="TRUE">Double</attrtype><attwidth Sync="TRUE">10</attwidth><atprecis Sync="TRUE">10</atprecis><attscale Sync="TRUE">0</attscale></attr><attr><attrlabl Sync="TRUE">G_GAS_HOEK</attrlabl><attalias Sync="TRUE">G_GAS_HOEK</attalias><attrtype Sync="TRUE">Double</attrtype><attwidth Sync="TRUE">10</attwidth><atprecis Sync="TRUE">10</atprecis><attscale Sync="TRUE">0</attscale></attr><attr><attrlabl Sync="TRUE">G_GAS_21K</attrlabl><attalias Sync="TRUE">G_GAS_21K</attalias><attrtype Sync="TRUE">Double</attrtype><attwidth Sync="TRUE">10</attwidth><atprecis Sync="TRUE">10</atprecis><attscale Sync="TRUE">0</attscale></attr><attr><attrlabl Sync="TRUE">G_GAS_VRY</attrlabl><attalias Sync="TRUE">G_GAS_VRY</attalias><attrtype Sync="TRUE">Double</attrtype><attwidth Sync="TRUE">10</attwidth><atprecis Sync="TRUE">10</atprecis><attscale Sync="TRUE">0</attscale></attr><attr><attrlabl Sync="TRUE">G_GAS_HU</attrlabl><attalias Sync="TRUE">G_GAS_HU</attalias><attrtype Sync="TRUE">Double</attrtype><attwidth Sync="TRUE">10</attwidth><atprecis Sync="TRUE">10</atprecis><attscale Sync="TRUE">0</attscale></attr><attr><attrlabl Sync="TRUE">G_GAS_KO</attrlabl><attalias Sync="TRUE">G_GAS_KO</attalias><attrtype Sync="TRUE">Double</attrtype><attwidth Sync="TRUE">10</attwidth><atprecis Sync="TRUE">10</atprecis><attscale Sync="TRUE">0</attscale></attr><attr><attrlabl Sync="TRUE">P_STADVERW</attrlabl><attalias Sync="TRUE">P_STADVERW</attalias><attrtype Sync="TRUE">Double</attrtype><attwidth Sync="TRUE">10</attwidth><atprecis Sync="TRUE">10</atprecis><attscale Sync="TRUE">0</attscale></attr><attr><attrlabl Sync="TRUE">G_ELEK_TOT</attrlabl><attalias Sync="TRUE">G_ELEK_TOT</attalias><attrtype Sync="TRUE">Double</attrtype><attwidth Sync="TRUE">10</attwidth><atprecis Sync="TRUE">10</atprecis><attscale Sync="TRUE">0</attscale></attr><attr><attrlabl Sync="TRUE">G_ELEK_APP</attrlabl><attalias Sync="TRUE">G_ELEK_APP</attalias><attrtype Sync="TRUE">Double</attrtype><attwidth Sync="TRUE">10</attwidth><atprecis Sync="TRUE">10</atprecis><attscale Sync="TRUE">0</attscale></attr><attr><attrlabl Sync="TRUE">G_ELEK_TUS</attrlabl><attalias Sync="TRUE">G_ELEK_TUS</attalias><attrtype Sync="TRUE">Double</attrtype><attwidth Sync="TRUE">10</attwidth><atprecis Sync="TRUE">10</atprecis><attscale Sync="TRUE">0</attscale></attr><attr><attrlabl Sync="TRUE">G_ELEK_HOE</attrlabl><attalias Sync="TRUE">G_ELEK_HOE</attalias><attrtype Sync="TRUE">Double</attrtype><attwidth Sync="TRUE">10</attwidth><atprecis Sync="TRUE">10</atprecis><attscale Sync="TRUE">0</attscale></attr><attr><attrlabl Sync="TRUE">G_ELEK_21K</attrlabl><attalias Sync="TRUE">G_ELEK_21K</attalias><attrtype Sync="TRUE">Double</attrtype><attwidth Sync="TRUE">10</attwidth><atprecis Sync="TRUE">10</atprecis><attscale Sync="TRUE">0</attscale></attr><attr><attrlabl Sync="TRUE">G_ELEK_VRY</attrlabl><attalias Sync="TRUE">G_ELEK_VRY</attalias><attrtype Sync="TRUE">Double</attrtype><attwidth Sync="TRUE">10</attwidth><atprecis Sync="TRUE">10</atprecis><attscale Sync="TRUE">0</attscale></attr><attr><attrlabl Sync="TRUE">G_ELE_HU</attrlabl><attalias Sync="TRUE">G_ELE_HU</attalias><attrtype Sync="TRUE">Double</attrtype><attwidth Sync="TRUE">10</attwidth><atprecis Sync="TRUE">10</atprecis><attscale Sync="TRUE">0</attscale></attr><attr><attrlabl Sync="TRUE">G_ELE_KO</attrlabl><attalias Sync="TRUE">G_ELE_KO</attalias><attrtype Sync="TRUE">Double</attrtype><attwidth Sync="TRUE">10</attwidth><atprecis Sync="TRUE">10</atprecis><attscale Sync="TRUE">0</attscale></attr><attr><attrlabl Sync="TRUE">AO_UIT_TOT</attrlabl><attalias Sync="TRUE">AO_UIT_TOT</attalias><attrtype Sync="TRUE">Double</attrtype><attwidth Sync="TRUE">10</attwidth><atprecis Sync="TRUE">10</atprecis><attscale Sync="TRUE">0</attscale></attr><attr><attrlabl Sync="TRUE">WW_UIT_TOT</attrlabl><attalias Sync="TRUE">WW_UIT_TOT</attalias><attrtype Sync="TRUE">Double</attrtype><attwidth Sync="TRUE">10</attwidth><atprecis Sync="TRUE">10</atprecis><attscale Sync="TRUE">0</attscale></attr><attr><attrlabl Sync="TRUE">WWB_UITTOT</attrlabl><attalias Sync="TRUE">WWB_UITTOT</attalias><attrtype Sync="TRUE">Double</attrtype><attwidth Sync="TRUE">10</attwidth><atprecis Sync="TRUE">10</atprecis><attscale Sync="TRUE">0</attscale></attr><attr><attrlabl Sync="TRUE">A_SOZ_OW</attrlabl><attalias Sync="TRUE">A_SOZ_OW</attalias><attrtype Sync="TRUE">Double</attrtype><attwidth Sync="TRUE">10</attwidth><atprecis Sync="TRUE">10</atprecis><attscale Sync="TRUE">0</attscale></attr><attr><attrlabl Sync="TRUE">AUTO_TOT</attrlabl><attalias Sync="TRUE">AUTO_TOT</attalias><attrtype Sync="TRUE">Double</attrtype><attwidth Sync="TRUE">10</attwidth><atprecis Sync="TRUE">10</atprecis><attscale Sync="TRUE">0</attscale></attr><attr><attrlabl Sync="TRUE">AUTO_HH</attrlabl><attalias Sync="TRUE">AUTO_HH</attalias><attrtype Sync="TRUE">Double</attrtype><attwidth Sync="TRUE">11</attwidth><atprecis Sync="TRUE">10</atprecis><attscale Sync="TRUE">1</attscale></attr><attr><attrlabl Sync="TRUE">AUTO_LAND</attrlabl><attalias Sync="TRUE">AUTO_LAND</attalias><attrtype Sync="TRUE">Double</attrtype><attwidth Sync="TRUE">10</attwidth><atprecis Sync="TRUE">10</atprecis><attscale Sync="TRUE">0</attscale></attr><attr><attrlabl Sync="TRUE">BEDR_AUTO</attrlabl><attalias Sync="TRUE">BEDR_AUTO</attalias><attrtype Sync="TRUE">Double</attrtype><attwidth Sync="TRUE">10</attwidth><atprecis Sync="TRUE">10</atprecis><attscale Sync="TRUE">0</attscale></attr><attr><attrlabl Sync="TRUE">MOTOR_2W</attrlabl><attalias Sync="TRUE">MOTOR_2W</attalias><attrtype Sync="TRUE">Double</attrtype><attwidth Sync="TRUE">10</attwidth><atprecis Sync="TRUE">10</atprecis><attscale Sync="TRUE">0</attscale></attr><attr><attrlabl Sync="TRUE">A_LFTJ6J</attrlabl><attalias Sync="TRUE">A_LFTJ6J</attalias><attrtype Sync="TRUE">Double</attrtype><attwidth Sync="TRUE">10</attwidth><atprecis Sync="TRUE">10</atprecis><attscale Sync="TRUE">0</attscale></attr><attr><attrlabl Sync="TRUE">A_LFTO6J</attrlabl><attalias Sync="TRUE">A_LFTO6J</attalias><attrtype Sync="TRUE">Double</attrtype><attwidth Sync="TRUE">10</attwidth><atprecis Sync="TRUE">10</atprecis><attscale Sync="TRUE">0</attscale></attr><attr><attrlabl Sync="TRUE">A_BST_B</attrlabl><attalias Sync="TRUE">A_BST_B</attalias><attrtype Sync="TRUE">Double</attrtype><attwidth Sync="TRUE">10</attwidth><atprecis Sync="TRUE">10</atprecis><attscale Sync="TRUE">0</attscale></attr><attr><attrlabl Sync="TRUE">A_BST_NB</attrlabl><attalias Sync="TRUE">A_BST_NB</attalias><attrtype Sync="TRUE">Double</attrtype><attwidth Sync="TRUE">10</attwidth><atprecis Sync="TRUE">10</atprecis><attscale Sync="TRUE">0</attscale></attr><attr><attrlabl Sync="TRUE">AF_ARTSPR</attrlabl><attalias Sync="TRUE">AF_ARTSPR</attalias><attrtype Sync="TRUE">Double</attrtype><attwidth Sync="TRUE">11</attwidth><atprecis Sync="TRUE">10</atprecis><attscale Sync="TRUE">1</attscale></attr><attr><attrlabl Sync="TRUE">AV1_ARTSPR</attrlabl><attalias Sync="TRUE">AV1_ARTSPR</attalias><attrtype Sync="TRUE">Double</attrtype><attwidth Sync="TRUE">11</attwidth><atprecis Sync="TRUE">10</atprecis><attscale Sync="TRUE">1</attscale></attr><attr><attrlabl Sync="TRUE">AV3_ARTSPR</attrlabl><attalias Sync="TRUE">AV3_ARTSPR</attalias><attrtype Sync="TRUE">Double</attrtype><attwidth Sync="TRUE">11</attwidth><atprecis Sync="TRUE">10</atprecis><attscale Sync="TRUE">1</attscale></attr><attr><attrlabl Sync="TRUE">AV5_ARTSPR</attrlabl><attalias Sync="TRUE">AV5_ARTSPR</attalias><attrtype Sync="TRUE">Double</attrtype><attwidth Sync="TRUE">11</attwidth><atprecis Sync="TRUE">10</atprecis><attscale Sync="TRUE">1</attscale></attr><attr><attrlabl Sync="TRUE">AF_APOTH</attrlabl><attalias Sync="TRUE">AF_APOTH</attalias><attrtype Sync="TRUE">Double</attrtype><attwidth Sync="TRUE">11</attwidth><atprecis Sync="TRUE">10</atprecis><attscale Sync="TRUE">1</attscale></attr><attr><attrlabl Sync="TRUE">AF_ZIEK_I</attrlabl><attalias Sync="TRUE">AF_ZIEK_I</attalias><attrtype Sync="TRUE">Double</attrtype><attwidth Sync="TRUE">11</attwidth><atprecis Sync="TRUE">10</atprecis><attscale Sync="TRUE">1</attscale></attr><attr><attrlabl Sync="TRUE">AV5_ZIEK_I</attrlabl><attalias Sync="TRUE">AV5_ZIEK_I</attalias><attrtype Sync="TRUE">Double</attrtype><attwidth Sync="TRUE">11</attwidth><atprecis Sync="TRUE">10</atprecis><attscale Sync="TRUE">1</attscale></attr><attr><attrlabl Sync="TRUE">AV10ZIEK_I</attrlabl><attalias Sync="TRUE">AV10ZIEK_I</attalias><attrtype Sync="TRUE">Double</attrtype><attwidth Sync="TRUE">11</attwidth><atprecis Sync="TRUE">10</atprecis><attscale Sync="TRUE">1</attscale></attr><attr><attrlabl Sync="TRUE">AV20ZIEK_I</attrlabl><attalias Sync="TRUE">AV20ZIEK_I</attalias><attrtype Sync="TRUE">Double</attrtype><attwidth Sync="TRUE">11</attwidth><atprecis Sync="TRUE">10</atprecis><attscale Sync="TRUE">1</attscale></attr><attr><attrlabl Sync="TRUE">AF_ZIEK_E</attrlabl><attalias Sync="TRUE">AF_ZIEK_E</attalias><attrtype Sync="TRUE">Double</attrtype><attwidth Sync="TRUE">11</attwidth><atprecis Sync="TRUE">10</atprecis><attscale Sync="TRUE">1</attscale></attr><attr><attrlabl Sync="TRUE">AV5_ZIEK_E</attrlabl><attalias Sync="TRUE">AV5_ZIEK_E</attalias><attrtype Sync="TRUE">Double</attrtype><attwidth Sync="TRUE">11</attwidth><atprecis Sync="TRUE">10</atprecis><attscale Sync="TRUE">1</attscale></attr><attr><attrlabl Sync="TRUE">AV10ZIEK_E</attrlabl><attalias Sync="TRUE">AV10ZIEK_E</attalias><attrtype Sync="TRUE">Double</attrtype><attwidth Sync="TRUE">11</attwidth><atprecis Sync="TRUE">10</atprecis><attscale Sync="TRUE">1</attscale></attr><attr><attrlabl Sync="TRUE">AV20ZIEK_E</attrlabl><attalias Sync="TRUE">AV20ZIEK_E</attalias><attrtype Sync="TRUE">Double</attrtype><attwidth Sync="TRUE">11</attwidth><atprecis Sync="TRUE">10</atprecis><attscale Sync="TRUE">1</attscale></attr><attr><attrlabl Sync="TRUE">AF_SUPERM</attrlabl><attalias Sync="TRUE">AF_SUPERM</attalias><attrtype Sync="TRUE">Double</attrtype><attwidth Sync="TRUE">11</attwidth><atprecis Sync="TRUE">10</atprecis><attscale Sync="TRUE">1</attscale></attr><attr><attrlabl Sync="TRUE">AV1_SUPERM</attrlabl><attalias Sync="TRUE">AV1_SUPERM</attalias><attrtype Sync="TRUE">Double</attrtype><attwidth Sync="TRUE">11</attwidth><atprecis Sync="TRUE">10</atprecis><attscale Sync="TRUE">1</attscale></attr><attr><attrlabl Sync="TRUE">AV3_SUPERM</attrlabl><attalias Sync="TRUE">AV3_SUPERM</attalias><attrtype Sync="TRUE">Double</attrtype><attwidth Sync="TRUE">11</attwidth><atprecis Sync="TRUE">10</atprecis><attscale Sync="TRUE">1</attscale></attr><attr><attrlabl Sync="TRUE">AV5_SUPERM</attrlabl><attalias Sync="TRUE">AV5_SUPERM</attalias><attrtype Sync="TRUE">Double</attrtype><attwidth Sync="TRUE">11</attwidth><atprecis Sync="TRUE">10</atprecis><attscale Sync="TRUE">1</attscale></attr><attr><attrlabl Sync="TRUE">AF_DAGLMD</attrlabl><attalias Sync="TRUE">AF_DAGLMD</attalias><attrtype Sync="TRUE">Double</attrtype><attwidth Sync="TRUE">11</attwidth><atprecis Sync="TRUE">10</atprecis><attscale Sync="TRUE">1</attscale></attr><attr><attrlabl Sync="TRUE">AV1_DAGLMD</attrlabl><attalias Sync="TRUE">AV1_DAGLMD</attalias><attrtype Sync="TRUE">Double</attrtype><attwidth Sync="TRUE">11</attwidth><atprecis Sync="TRUE">10</atprecis><attscale Sync="TRUE">1</attscale></attr><attr><attrlabl Sync="TRUE">AV3_DAGLMD</attrlabl><attalias Sync="TRUE">AV3_DAGLMD</attalias><attrtype Sync="TRUE">Double</attrtype><attwidth Sync="TRUE">11</attwidth><atprecis Sync="TRUE">10</atprecis><attscale Sync="TRUE">1</attscale></attr><attr><attrlabl Sync="TRUE">AV5_DAGLMD</attrlabl><attalias Sync="TRUE">AV5_DAGLMD</attalias><attrtype Sync="TRUE">Double</attrtype><attwidth Sync="TRUE">11</attwidth><atprecis Sync="TRUE">10</atprecis><attscale Sync="TRUE">1</attscale></attr><attr><attrlabl Sync="TRUE">AF_WARENH</attrlabl><attalias Sync="TRUE">AF_WARENH</attalias><attrtype Sync="TRUE">Double</attrtype><attwidth Sync="TRUE">11</attwidth><atprecis Sync="TRUE">10</atprecis><attscale Sync="TRUE">1</attscale></attr><attr><attrlabl Sync="TRUE">AV5_WARENH</attrlabl><attalias Sync="TRUE">AV5_WARENH</attalias><attrtype Sync="TRUE">Double</attrtype><attwidth Sync="TRUE">11</attwidth><atprecis Sync="TRUE">10</atprecis><attscale Sync="TRUE">1</attscale></attr><attr><attrlabl Sync="TRUE">AV10WARENH</attrlabl><attalias Sync="TRUE">AV10WARENH</attalias><attrtype Sync="TRUE">Double</attrtype><attwidth Sync="TRUE">11</attwidth><atprecis Sync="TRUE">10</atprecis><attscale Sync="TRUE">1</attscale></attr><attr><attrlabl Sync="TRUE">AV20WARENH</attrlabl><attalias Sync="TRUE">AV20WARENH</attalias><attrtype Sync="TRUE">Double</attrtype><attwidth Sync="TRUE">11</attwidth><atprecis Sync="TRUE">10</atprecis><attscale Sync="TRUE">1</attscale></attr><attr><attrlabl Sync="TRUE">AF_CAFE</attrlabl><attalias Sync="TRUE">AF_CAFE</attalias><attrtype Sync="TRUE">Double</attrtype><attwidth Sync="TRUE">11</attwidth><atprecis Sync="TRUE">10</atprecis><attscale Sync="TRUE">1</attscale></attr><attr><attrlabl Sync="TRUE">AV1_CAFE</attrlabl><attalias Sync="TRUE">AV1_CAFE</attalias><attrtype Sync="TRUE">Double</attrtype><attwidth Sync="TRUE">11</attwidth><atprecis Sync="TRUE">10</atprecis><attscale Sync="TRUE">1</attscale></attr><attr><attrlabl Sync="TRUE">AV3_CAFE</attrlabl><attalias Sync="TRUE">AV3_CAFE</attalias><attrtype Sync="TRUE">Double</attrtype><attwidth Sync="TRUE">11</attwidth><atprecis Sync="TRUE">10</atprecis><attscale Sync="TRUE">1</attscale></attr><attr><attrlabl Sync="TRUE">AV5_CAFE</attrlabl><attalias Sync="TRUE">AV5_CAFE</attalias><attrtype Sync="TRUE">Double</attrtype><attwidth Sync="TRUE">11</attwidth><atprecis Sync="TRUE">10</atprecis><attscale Sync="TRUE">1</attscale></attr><attr><attrlabl Sync="TRUE">AF_CAFTAR</attrlabl><attalias Sync="TRUE">AF_CAFTAR</attalias><attrtype Sync="TRUE">Double</attrtype><attwidth Sync="TRUE">11</attwidth><atprecis Sync="TRUE">10</atprecis><attscale Sync="TRUE">1</attscale></attr><attr><attrlabl Sync="TRUE">AV1_CAFTAR</attrlabl><attalias Sync="TRUE">AV1_CAFTAR</attalias><attrtype Sync="TRUE">Double</attrtype><attwidth Sync="TRUE">11</attwidth><atprecis Sync="TRUE">10</atprecis><attscale Sync="TRUE">1</attscale></attr><attr><attrlabl Sync="TRUE">AV3_CAFTAR</attrlabl><attalias Sync="TRUE">AV3_CAFTAR</attalias><attrtype Sync="TRUE">Double</attrtype><attwidth Sync="TRUE">11</attwidth><atprecis Sync="TRUE">10</atprecis><attscale Sync="TRUE">1</attscale></attr><attr><attrlabl Sync="TRUE">AV5_CAFTAR</attrlabl><attalias Sync="TRUE">AV5_CAFTAR</attalias><attrtype Sync="TRUE">Double</attrtype><attwidth Sync="TRUE">11</attwidth><atprecis Sync="TRUE">10</atprecis><attscale Sync="TRUE">1</attscale></attr><attr><attrlabl Sync="TRUE">AF_RESTAU</attrlabl><attalias Sync="TRUE">AF_RESTAU</attalias><attrtype Sync="TRUE">Double</attrtype><attwidth Sync="TRUE">11</attwidth><atprecis Sync="TRUE">10</atprecis><attscale Sync="TRUE">1</attscale></attr><attr><attrlabl Sync="TRUE">AV1_RESTAU</attrlabl><attalias Sync="TRUE">AV1_RESTAU</attalias><attrtype Sync="TRUE">Double</attrtype><attwidth Sync="TRUE">11</attwidth><atprecis Sync="TRUE">10</atprecis><attscale Sync="TRUE">1</attscale></attr><attr><attrlabl Sync="TRUE">AV3_RESTAU</attrlabl><attalias Sync="TRUE">AV3_RESTAU</attalias><attrtype Sync="TRUE">Double</attrtype><attwidth Sync="TRUE">11</attwidth><atprecis Sync="TRUE">10</atprecis><attscale Sync="TRUE">1</attscale></attr><attr><attrlabl Sync="TRUE">AV5_RESTAU</attrlabl><attalias Sync="TRUE">AV5_RESTAU</attalias><attrtype Sync="TRUE">Double</attrtype><attwidth Sync="TRUE">11</attwidth><atprecis Sync="TRUE">10</atprecis><attscale Sync="TRUE">1</attscale></attr><attr><attrlabl Sync="TRUE">AF_HOTEL</attrlabl><attalias Sync="TRUE">AF_HOTEL</attalias><attrtype Sync="TRUE">Double</attrtype><attwidth Sync="TRUE">11</attwidth><atprecis Sync="TRUE">10</atprecis><attscale Sync="TRUE">1</attscale></attr><attr><attrlabl Sync="TRUE">AV5_HOTEL</attrlabl><attalias Sync="TRUE">AV5_HOTEL</attalias><attrtype Sync="TRUE">Double</attrtype><attwidth Sync="TRUE">11</attwidth><atprecis Sync="TRUE">10</atprecis><attscale Sync="TRUE">1</attscale></attr><attr><attrlabl Sync="TRUE">AV10_HOTEL</attrlabl><attalias Sync="TRUE">AV10_HOTEL</attalias><attrtype Sync="TRUE">Double</attrtype><attwidth Sync="TRUE">11</attwidth><atprecis Sync="TRUE">10</atprecis><attscale Sync="TRUE">1</attscale></attr><attr><attrlabl Sync="TRUE">AV20_HOTEL</attrlabl><attalias Sync="TRUE">AV20_HOTEL</attalias><attrtype Sync="TRUE">Double</attrtype><attwidth Sync="TRUE">11</attwidth><atprecis Sync="TRUE">10</atprecis><attscale Sync="TRUE">1</attscale></attr><attr><attrlabl Sync="TRUE">AF_KDV</attrlabl><attalias Sync="TRUE">AF_KDV</attalias><attrtype Sync="TRUE">Double</attrtype><attwidth Sync="TRUE">11</attwidth><atprecis Sync="TRUE">10</atprecis><attscale Sync="TRUE">1</attscale></attr><attr><attrlabl Sync="TRUE">AV1_KDV</attrlabl><attalias Sync="TRUE">AV1_KDV</attalias><attrtype Sync="TRUE">Double</attrtype><attwidth Sync="TRUE">11</attwidth><atprecis Sync="TRUE">10</atprecis><attscale Sync="TRUE">1</attscale></attr><attr><attrlabl Sync="TRUE">AV3_KDV</attrlabl><attalias Sync="TRUE">AV3_KDV</attalias><attrtype Sync="TRUE">Double</attrtype><attwidth Sync="TRUE">11</attwidth><atprecis Sync="TRUE">10</atprecis><attscale Sync="TRUE">1</attscale></attr><attr><attrlabl Sync="TRUE">AV5_KDV</attrlabl><attalias Sync="TRUE">AV5_KDV</attalias><attrtype Sync="TRUE">Double</attrtype><attwidth Sync="TRUE">11</attwidth><atprecis Sync="TRUE">10</atprecis><attscale Sync="TRUE">1</attscale></attr><attr><attrlabl Sync="TRUE">AF_BSO</attrlabl><attalias Sync="TRUE">AF_BSO</attalias><attrtype Sync="TRUE">Double</attrtype><attwidth Sync="TRUE">11</attwidth><atprecis Sync="TRUE">10</atprecis><attscale Sync="TRUE">1</attscale></attr><attr><attrlabl Sync="TRUE">AV1_BSO</attrlabl><attalias Sync="TRUE">AV1_BSO</attalias><attrtype Sync="TRUE">Double</attrtype><attwidth Sync="TRUE">11</attwidth><atprecis Sync="TRUE">10</atprecis><attscale Sync="TRUE">1</attscale></attr><attr><attrlabl Sync="TRUE">AV3_BSO</attrlabl><attalias Sync="TRUE">AV3_BSO</attalias><attrtype Sync="TRUE">Double</attrtype><attwidth Sync="TRUE">11</attwidth><atprecis Sync="TRUE">10</atprecis><attscale Sync="TRUE">1</attscale></attr><attr><attrlabl Sync="TRUE">AV5_BSO</attrlabl><attalias Sync="TRUE">AV5_BSO</attalias><attrtype Sync="TRUE">Double</attrtype><attwidth Sync="TRUE">11</attwidth><atprecis Sync="TRUE">10</atprecis><attscale Sync="TRUE">1</attscale></attr><attr><attrlabl Sync="TRUE">AF_ONDBAS</attrlabl><attalias Sync="TRUE">AF_ONDBAS</attalias><attrtype Sync="TRUE">Double</attrtype><attwidth Sync="TRUE">11</attwidth><atprecis Sync="TRUE">10</atprecis><attscale Sync="TRUE">1</attscale></attr><attr><attrlabl Sync="TRUE">AV1_ONDBAS</attrlabl><attalias Sync="TRUE">AV1_ONDBAS</attalias><attrtype Sync="TRUE">Double</attrtype><attwidth Sync="TRUE">11</attwidth><atprecis Sync="TRUE">10</atprecis><attscale Sync="TRUE">1</attscale></attr><attr><attrlabl Sync="TRUE">AV3_ONDBAS</attrlabl><attalias Sync="TRUE">AV3_ONDBAS</attalias><attrtype Sync="TRUE">Double</attrtype><attwidth Sync="TRUE">11</attwidth><atprecis Sync="TRUE">10</atprecis><attscale Sync="TRUE">1</attscale></attr><attr><attrlabl Sync="TRUE">AV5_ONDBAS</attrlabl><attalias Sync="TRUE">AV5_ONDBAS</attalias><attrtype Sync="TRUE">Double</attrtype><attwidth Sync="TRUE">11</attwidth><atprecis Sync="TRUE">10</atprecis><attscale Sync="TRUE">1</attscale></attr><attr><attrlabl Sync="TRUE">AF_ONDVRT</attrlabl><attalias Sync="TRUE">AF_ONDVRT</attalias><attrtype Sync="TRUE">Double</attrtype><attwidth Sync="TRUE">11</attwidth><atprecis Sync="TRUE">10</atprecis><attscale Sync="TRUE">1</attscale></attr><attr><attrlabl Sync="TRUE">AV3_ONDVRT</attrlabl><attalias Sync="TRUE">AV3_ONDVRT</attalias><attrtype Sync="TRUE">Double</attrtype><attwidth Sync="TRUE">11</attwidth><atprecis Sync="TRUE">10</atprecis><attscale Sync="TRUE">1</attscale></attr><attr><attrlabl Sync="TRUE">AV5_ONDVRT</attrlabl><attalias Sync="TRUE">AV5_ONDVRT</attalias><attrtype Sync="TRUE">Double</attrtype><attwidth Sync="TRUE">11</attwidth><atprecis Sync="TRUE">10</atprecis><attscale Sync="TRUE">1</attscale></attr><attr><attrlabl Sync="TRUE">AV10ONDVRT</attrlabl><attalias Sync="TRUE">AV10ONDVRT</attalias><attrtype Sync="TRUE">Double</attrtype><attwidth Sync="TRUE">11</attwidth><atprecis Sync="TRUE">10</atprecis><attscale Sync="TRUE">1</attscale></attr><attr><attrlabl Sync="TRUE">AF_ONDVMB</attrlabl><attalias Sync="TRUE">AF_ONDVMB</attalias><attrtype Sync="TRUE">Double</attrtype><attwidth Sync="TRUE">11</attwidth><atprecis Sync="TRUE">10</atprecis><attscale Sync="TRUE">1</attscale></attr><attr><attrlabl Sync="TRUE">AV3_ONDVMB</attrlabl><attalias Sync="TRUE">AV3_ONDVMB</attalias><attrtype Sync="TRUE">Double</attrtype><attwidth Sync="TRUE">11</attwidth><atprecis Sync="TRUE">10</atprecis><attscale Sync="TRUE">1</attscale></attr><attr><attrlabl Sync="TRUE">AV5_ONDVMB</attrlabl><attalias Sync="TRUE">AV5_ONDVMB</attalias><attrtype Sync="TRUE">Double</attrtype><attwidth Sync="TRUE">11</attwidth><atprecis Sync="TRUE">10</atprecis><attscale Sync="TRUE">1</attscale></attr><attr><attrlabl Sync="TRUE">AV10ONDVMB</attrlabl><attalias Sync="TRUE">AV10ONDVMB</attalias><attrtype Sync="TRUE">Double</attrtype><attwidth Sync="TRUE">11</attwidth><atprecis Sync="TRUE">10</atprecis><attscale Sync="TRUE">1</attscale></attr><attr><attrlabl Sync="TRUE">AF_ONDHV</attrlabl><attalias Sync="TRUE">AF_ONDHV</attalias><attrtype Sync="TRUE">Double</attrtype><attwidth Sync="TRUE">11</attwidth><atprecis Sync="TRUE">10</atprecis><attscale Sync="TRUE">1</attscale></attr><attr><attrlabl Sync="TRUE">AV3_ONDHV</attrlabl><attalias Sync="TRUE">AV3_ONDHV</attalias><attrtype Sync="TRUE">Double</attrtype><attwidth Sync="TRUE">11</attwidth><atprecis Sync="TRUE">10</atprecis><attscale Sync="TRUE">1</attscale></attr><attr><attrlabl Sync="TRUE">AV5_ONDHV</attrlabl><attalias Sync="TRUE">AV5_ONDHV</attalias><attrtype Sync="TRUE">Double</attrtype><attwidth Sync="TRUE">11</attwidth><atprecis Sync="TRUE">10</atprecis><attscale Sync="TRUE">1</attscale></attr><attr><attrlabl Sync="TRUE">AV10_ONDHV</attrlabl><attalias Sync="TRUE">AV10_ONDHV</attalias><attrtype Sync="TRUE">Double</attrtype><attwidth Sync="TRUE">11</attwidth><atprecis Sync="TRUE">10</atprecis><attscale Sync="TRUE">1</attscale></attr><attr><attrlabl Sync="TRUE">AF_BRANDW</attrlabl><attalias Sync="TRUE">AF_BRANDW</attalias><attrtype Sync="TRUE">Double</attrtype><attwidth Sync="TRUE">11</attwidth><atprecis Sync="TRUE">10</atprecis><attscale Sync="TRUE">1</attscale></attr><attr><attrlabl Sync="TRUE">AF_OPRITH</attrlabl><attalias Sync="TRUE">AF_OPRITH</attalias><attrtype Sync="TRUE">Double</attrtype><attwidth Sync="TRUE">11</attwidth><atprecis Sync="TRUE">10</atprecis><attscale Sync="TRUE">1</attscale></attr><attr><attrlabl Sync="TRUE">AF_TREINST</attrlabl><attalias Sync="TRUE">AF_TREINST</attalias><attrtype Sync="TRUE">Double</attrtype><attwidth Sync="TRUE">11</attwidth><atprecis Sync="TRUE">10</atprecis><attscale Sync="TRUE">1</attscale></attr><attr><attrlabl Sync="TRUE">AF_OVERST</attrlabl><attalias Sync="TRUE">AF_OVERST</attalias><attrtype Sync="TRUE">Double</attrtype><attwidth Sync="TRUE">11</attwidth><atprecis Sync="TRUE">10</atprecis><attscale Sync="TRUE">1</attscale></attr><attr><attrlabl Sync="TRUE">AF_ZWEMB</attrlabl><attalias Sync="TRUE">AF_ZWEMB</attalias><attrtype Sync="TRUE">Double</attrtype><attwidth Sync="TRUE">11</attwidth><atprecis Sync="TRUE">10</atprecis><attscale Sync="TRUE">1</attscale></attr><attr><attrlabl Sync="TRUE">AF_IJSBAAN</attrlabl><attalias Sync="TRUE">AF_IJSBAAN</attalias><attrtype Sync="TRUE">Double</attrtype><attwidth Sync="TRUE">11</attwidth><atprecis Sync="TRUE">10</atprecis><attscale Sync="TRUE">1</attscale></attr><attr><attrlabl Sync="TRUE">AF_BIBLIO</attrlabl><attalias Sync="TRUE">AF_BIBLIO</attalias><attrtype Sync="TRUE">Double</attrtype><attwidth Sync="TRUE">11</attwidth><atprecis Sync="TRUE">10</atprecis><attscale Sync="TRUE">1</attscale></attr><attr><attrlabl Sync="TRUE">AF_BIOS</attrlabl><attalias Sync="TRUE">AF_BIOS</attalias><attrtype Sync="TRUE">Double</attrtype><attwidth Sync="TRUE">11</attwidth><atprecis Sync="TRUE">10</atprecis><attscale Sync="TRUE">1</attscale></attr><attr><attrlabl Sync="TRUE">AV5_BIOS</attrlabl><attalias Sync="TRUE">AV5_BIOS</attalias><attrtype Sync="TRUE">Double</attrtype><attwidth Sync="TRUE">11</attwidth><atprecis Sync="TRUE">10</atprecis><attscale Sync="TRUE">1</attscale></attr><attr><attrlabl Sync="TRUE">AV10_BIOS</attrlabl><attalias Sync="TRUE">AV10_BIOS</attalias><attrtype Sync="TRUE">Double</attrtype><attwidth Sync="TRUE">11</attwidth><atprecis Sync="TRUE">10</atprecis><attscale Sync="TRUE">1</attscale></attr><attr><attrlabl Sync="TRUE">AV20_BIOS</attrlabl><attalias Sync="TRUE">AV20_BIOS</attalias><attrtype Sync="TRUE">Double</attrtype><attwidth Sync="TRUE">11</attwidth><atprecis Sync="TRUE">10</atprecis><attscale Sync="TRUE">1</attscale></attr><attr><attrlabl Sync="TRUE">AF_SAUNA</attrlabl><attalias Sync="TRUE">AF_SAUNA</attalias><attrtype Sync="TRUE">Double</attrtype><attwidth Sync="TRUE">11</attwidth><atprecis Sync="TRUE">10</atprecis><attscale Sync="TRUE">1</attscale></attr><attr><attrlabl Sync="TRUE">AF_ZONBNK</attrlabl><attalias Sync="TRUE">AF_ZONBNK</attalias><attrtype Sync="TRUE">Double</attrtype><attwidth Sync="TRUE">11</attwidth><atprecis Sync="TRUE">10</atprecis><attscale Sync="TRUE">1</attscale></attr><attr><attrlabl Sync="TRUE">AF_ATTRAC</attrlabl><attalias Sync="TRUE">AF_ATTRAC</attalias><attrtype Sync="TRUE">Double</attrtype><attwidth Sync="TRUE">11</attwidth><atprecis Sync="TRUE">10</atprecis><attscale Sync="TRUE">1</attscale></attr><attr><attrlabl Sync="TRUE">AV10ATTRAC</attrlabl><attalias Sync="TRUE">AV10ATTRAC</attalias><attrtype Sync="TRUE">Double</attrtype><attwidth Sync="TRUE">11</attwidth><atprecis Sync="TRUE">10</atprecis><attscale Sync="TRUE">1</attscale></attr><attr><attrlabl Sync="TRUE">AV20ATTRAC</attrlabl><attalias Sync="TRUE">AV20ATTRAC</attalias><attrtype Sync="TRUE">Double</attrtype><attwidth Sync="TRUE">11</attwidth><atprecis Sync="TRUE">10</atprecis><attscale Sync="TRUE">1</attscale></attr><attr><attrlabl Sync="TRUE">AV50ATTRAC</attrlabl><attalias Sync="TRUE">AV50ATTRAC</attalias><attrtype Sync="TRUE">Double</attrtype><attwidth Sync="TRUE">11</attwidth><atprecis Sync="TRUE">10</atprecis><attscale Sync="TRUE">1</attscale></attr><attr><attrlabl Sync="TRUE">AF_PODIUM</attrlabl><attalias Sync="TRUE">AF_PODIUM</attalias><attrtype Sync="TRUE">Double</attrtype><attwidth Sync="TRUE">11</attwidth><atprecis Sync="TRUE">10</atprecis><attscale Sync="TRUE">1</attscale></attr><attr><attrlabl Sync="TRUE">AV5_PODIUM</attrlabl><attalias Sync="TRUE">AV5_PODIUM</attalias><attrtype Sync="TRUE">Double</attrtype><attwidth Sync="TRUE">11</attwidth><atprecis Sync="TRUE">10</atprecis><attscale Sync="TRUE">1</attscale></attr><attr><attrlabl Sync="TRUE">AV10PODIUM</attrlabl><attalias Sync="TRUE">AV10PODIUM</attalias><attrtype Sync="TRUE">Double</attrtype><attwidth Sync="TRUE">11</attwidth><atprecis Sync="TRUE">10</atprecis><attscale Sync="TRUE">1</attscale></attr><attr><attrlabl Sync="TRUE">AV20PODIUM</attrlabl><attalias Sync="TRUE">AV20PODIUM</attalias><attrtype Sync="TRUE">Double</attrtype><attwidth Sync="TRUE">11</attwidth><atprecis Sync="TRUE">10</atprecis><attscale Sync="TRUE">1</attscale></attr><attr><attrlabl Sync="TRUE">AF_POP</attrlabl><attalias Sync="TRUE">AF_POP</attalias><attrtype Sync="TRUE">Double</attrtype><attwidth Sync="TRUE">11</attwidth><atprecis Sync="TRUE">10</atprecis><attscale Sync="TRUE">1</attscale></attr><attr><attrlabl Sync="TRUE">OPP_TOT</attrlabl><attalias Sync="TRUE">OPP_TOT</attalias><attrtype Sync="TRUE">Double</attrtype><attwidth Sync="TRUE">10</attwidth><atprecis Sync="TRUE">10</atprecis><attscale Sync="TRUE">0</attscale></attr><attr><attrlabl Sync="TRUE">OPP_LAND</attrlabl><attalias Sync="TRUE">OPP_LAND</attalias><attrtype Sync="TRUE">Double</attrtype><attwidth Sync="TRUE">10</attwidth><atprecis Sync="TRUE">10</atprecis><attscale Sync="TRUE">0</attscale></attr><attr><attrlabl Sync="TRUE">OPP_WATER</attrlabl><attalias Sync="TRUE">OPP_WATER</attalias><attrtype Sync="TRUE">Double</attrtype><attwidth Sync="TRUE">10</attwidth><atprecis Sync="TRUE">10</atprecis><attscale Sync="TRUE">0</attscale></attr></detailed></eainfo><mdDateSt Sync="TRUE">20141210</mdDateSt></metadata>
